Tarama Tarihi,Fon Kodu,Fon Adı,Son Fiyat
2025-07-24,AAK,ATA PORTFÖY ÇOKLU VARLIK DEĞİŞKEN FON,
2025-07-24,AAL,ATA PORTFÖY PARA PİYASASI (TL) FONU,
2025-07-24,AAS,ATA PORTFÖY FON SEPETİ SERBEST FONU,
2025-07-24,AAV,ATA PORTFÖY İKİNCİ HİSSE SENEDİ (TL) FONU (HİSSE SENEDİ YOĞUN FON),
2025-07-24,AC1,PARDUS PORTFÖY KISA VADELİ KATILIM SERBEST FONU,
2025-07-24,AC4,PARDUS  PORTFÖY PARA PİYASASI (TL) FON,
2025-07-24,AC5,PARDUS PORTFÖY İSTATİSTİKSEL ARBİTRAJ HİSSE SENEDİ SERBEST (TL) FON (HİSSE SENEDİ YOĞUN FON),
2025-07-24,AC6,PARDUS PORTFÖY DÖRDÜNCÜ SERBEST (DÖVİZ) FON,
2025-07-24,ACC,İSTANBUL PORTFÖY DÖRDÜNCÜ HİSSE SENEDİ FONU (HİSSE SENEDİ YOĞUN),
2025-07-24,ACD,İSTANBUL PORTFÖY İKİNCİ DEĞİŞKEN FON,
2025-07-24,ACU,İSTANBUL PORTFÖY URARTU SERBEST (DÖVİZ) FON,
2025-07-24,ADE,AK PORTFÖY MUTLAK GETİRİ HEDEFLİ DEĞİŞKEN FON,
2025-07-24,ADP,AK PORTFÖY BIST BANKA ENDEKSİ HİSSE SENEDİ (TL) FONU (HİSSE SENEDİ YOĞUN FON),
2025-07-24,AED,ATA PORTFÖY BİRİNCİ DEĞİŞKEN FON,
2025-07-24,AES,AK PORTFÖY PETROL YABANCI BYF FON SEPETİ FONU,
2025-07-24,AEV,ALLBATROSS PORTFÖY SANAYİ ŞİRKETLERİ HİSSE SENEDİ (TL) FONU (HİSSE SENEDİ YOĞUN FON),
2025-07-24,AFA,AK PORTFÖY  AMERİKA YABANCI HİSSE SENEDİ FONU,
2025-07-24,AFO,AK PORTFÖY ALTIN FONU,
2025-07-24,AFS,AK PORTFÖY SAĞLIK SEKTÖRÜ YABANCI HİSSE SENEDİ FONU,
2025-07-24,AFT,AK PORTFÖY YENİ TEKNOLOJİLER YABANCI HİSSE SENEDİ FONU,
2025-07-24,AFV,AK PORTFÖY  AVRUPA YABANCI HİSSE SENEDİ FONU,
2025-07-24,AGC,AK PORTFÖY İKİNCİ DEĞİŞKEN FON,
2025-07-24,AHI,ATLAS PORTFÖY BİRİNCİ HİSSE SENEDİ FONU(HİSSE SENEDİ YOĞUN),
2025-07-24,AHN,ATLAS PORTFÖY SERBEST(DÖVİZ)FON,
2025-07-24,AHU,ATLAS PORTFÖY BİRİNCİ ÖZEL SEKTÖR BORÇLANMA ARAÇLARI FONU,
2025-07-24,AHV,AZİMUT PORTFÖY DENGELİ FON SEPETİ FONU,
2025-07-24,AIS,AK PORTFÖY PARA PİYASASI KATILIM FONU,
2025-07-24,AJK,AK PORTFÖY 0-5 YIL VADELİ SERBEST (DÖVİZ) FON,
2025-07-24,AK2,AK PORTFÖY UZUN VADELİ BORÇLANMA ARAÇLARI FONU,
2025-07-24,AK3,AK PORTFÖY HİSSE SENEDİ (TL) FONU (HİSSE SENEDİ YOĞUN FON),
2025-07-24,AKE,AK PORTFÖY EUROBOND (AMERİKAN DOLARI) BORÇLANMA ARAÇLARI FONU,
2025-07-24,AKU,AK PORTFÖY BIST 30 ENDEKSİ HİSSE SENEDİ (TL) FONU (HİSSE SENEDİ YOĞUN FON),
2025-07-24,ALC,AK PORTFÖY KAR PAYI ÖDEYEN ŞİRKETLER HİSSE SENEDİ (TL) FONU (HİSSE SENEDİ YOĞUN FON),
2025-07-24,AN1,STRATEJİ PORTFÖY BİRİNCİ DEĞİŞKEN FON,
2025-07-24,ANZ,ATA PORTFÖY DÖRDÜNCÜ SERBEST (DÖVİZ) FON,
2025-07-24,AOJ,ALLBATROSS PORTFÖY İNŞAAT SEKTÖRÜ HİSSE SENEDİ SERBEST (TL) FON (HİSSE SENEDİ YOĞUN FON),
2025-07-24,AOY,AK PORTFÖY ALTERNATİF ENERJİ YABANCI HİSSE SENEDİ FONU,
2025-07-24,APJ,AK PORTFÖY BIST ŞİRKETLERİ FON SEPETİ FONU,
2025-07-24,APT,AK PORTFÖY ORTA VADELI BORÇLANMA ARAÇLARI FONU,
2025-07-24,ARE,İSTANBUL PORTFÖY YABANCI HİSSE SENEDİ FONU,
2025-07-24,ARL,AK PORTFÖY BİRİNCİ FON SEPETİ FONU,
2025-07-24,ARM,AK PORTFÖY İKİNCİ FON SEPETİ FONU,
2025-07-24,AS1,ALLBATROSS PORTFÖY BİRİNCİ SERBEST (DÖVİZ) FON,
2025-07-24,ASJ,AKTİF PORTFÖY HİSSE SENEDİ (TL) FONU (HİSSE SENEDİ YOĞUN FON),
2025-07-24,AUT,ATA PORTFÖY DENGELİ DEĞİŞKEN FON,
2025-07-24,AUV,AK PORTFÖY UZUN VADELİ SERBEST (DÖVİZ) FON,
2025-07-24,AYA,ATA PORTFÖY KAR PAYI ÖDEYEN HİSSE SENEDİ (TL) FONU (HİSSE SENEDİ YOĞUN FON),
2025-07-24,AYR,AK PORTFÖY ÖZEL SEKTÖR BORÇLANMA ARAÇLARI (TL) FONU,
2025-07-24,BBF,PARDUS PORTFÖY BİRİNCİ BORÇLANMA ARAÇLARI (TL) FONU,
2025-07-24,BBP,ALLBATROSS PORTFÖY BİRİNCİ BORÇLANMA ARAÇLARI FONU,
2025-07-24,BCK,DENİZ PORTFÖY BLOCKCHAİN VE FINTECH TEKNOLOJİLERİ DEĞİŞKEN FON,
2025-07-24,BCO,BULLS PORTFÖY ÇOKLU VARLIK KATILIM FONU,
2025-07-24,BDS,PARDUS PORTFÖY BIST 30 DIŞI ŞİRKETLER HİSSE SENEDİ (TL) FONU (HİSSE SENEDİ YOĞUN FON),
2025-07-24,BDY,AK PORTFÖY BIST 100 DIŞI ŞİRKETLER HİSSE SENEDİ (TL) FONU (HİSSE SENEDİ YOĞUN FON),
2025-07-24,BFE,ALLBATROSS PORTFÖY BİRİNCİ FON SEPETİ FONU,
2025-07-24,BFT,AZİMUT PORTFÖY BANKA VE FİNANS SEKTÖRÜ HİSSE SENEDİ FONU (HİSSE SENEDİ YOĞUN FON),
2025-07-24,BGP,AK PORTFÖY ÜÇÜNCÜ PARA PİYASASI (TL) FONU,
2025-07-24,BHA,BULLS PORTFÖY HİSSE SENEDİ (TL) FONU (HİSSE SENEDİ YOĞUN FON),
2025-07-24,BHF,PARDUS PORTFÖY BİRİNCİ DEĞİŞKEN FON,
2025-07-24,BHI,BV PORTFÖY ALGORİTMİK STRATEJİLER HİSSE SENEDİ SERBEST (TL) FON (HİSSE SENEDİ YOĞUN FON),
2025-07-24,BHL,İŞ PORTFÖY BİRİNCİ HİSSE SENEDİ SERBEST FON (HİSSE SENEDİ YOĞUN FON),
2025-07-24,BID,QNB PORTFÖY BIST 100 DIŞI ŞİRKETLER HİSSE SENEDİ (TL) FONU (HİSSE SENEDİ YOĞUN FON),
2025-07-24,BIG,YAPI KREDİ PORTFÖY ÜÇÜNCÜ HİSSE SENEDİ FONU (HİSSE SENEDİ YOĞUN FON),
2025-07-24,BIH,PARDUS PORTFÖY BİRİNCİ HİSSE SENEDİ (TL) FONU (HİSSE SENEDİ YOĞUN FON),
2025-07-24,BIO,İŞ PORTFÖY SÜRDÜRÜLEBİLİRLİK HİSSE SENEDİ (TL) FONU (HİSSE SENEDİ YOĞUN FON),
2025-07-24,BIP,İSTANBUL PORTFÖY BİRİNCİ PARA PİYASASI SERBEST (TL) FON,
2025-07-24,BIS,BV PORTFÖY BİRİNCİ SERBEST FON,
2025-07-24,BLD,DENİZ PORTFÖY BALEV EĞİTİME DESTEK SERBEST FON,
2025-07-24,BLT,BULLS PORTFÖY ALTIN FONU,
2025-07-24,BNC,AK PORTFÖY BEŞİNCİ SERBEST FON,
2025-07-24,BNH,İSTANBUL PORTFÖY BANKACILIK SEKTÖRÜ HİSSE SENEDİ SERBEST (TL) FON (HİSSE SENEDİ YOĞUN FON),
2025-07-24,BOL,AKTİF PORTFÖY BORÇLANMA ARAÇLARI FONU,
2025-07-24,BPZ,BULLS PORTFÖY PARA PİYASASI (TL) FONU,
2025-07-24,BRF,DENİZ PORTFÖY BİRİNCİ FON SEPETİ FONU,
2025-07-24,BRR,AK PORTFÖY İKİNCİ KISA VADELİ BORÇLANMA ARAÇLARI (TL) FONU,
2025-07-24,BRT,PARDUS PORTFÖY BEREKET HİSSE SENEDİ SERBEST FON (HİSSE SENEDİ YOĞUN FON),
2025-07-24,BSH,ATLAS PORTFÖY BANKACILIK SEKTÖRÜ HİSSE SENEDİ SERBEST FON (HİSSE SENEDİ YOĞUN FON),
2025-07-24,BST,PARDUS PORTFÖY BANKACILIK SEKTÖRÜ DIŞI ŞİRKETLER HİSSE SENEDİ SERBEST (TL) FON (HİSSE SENEDİ YOĞUN FON),
2025-07-24,BTE,BV PORTFÖY OYUN VE TEKNOLOJİ DEĞİŞKEN FON,
2025-07-24,BTZ,ATLAS PORTFÖY BIST 30 DIŞI ŞİRKETLER HİSSE SENEDİ FONU (HİSSE SENEDİ YOĞUN FON),
2025-07-24,BUL,AKTİF PORTFÖY İNŞAAT SEKTÖRÜ HİSSE SENEDİ SERBEST (TL) FON (HİSSE SENEDİ YOĞUN FON),
2025-07-24,BUV,BULLS PORTFÖY VOLTRAN SERBEST (TL) FON,
2025-07-24,BUY,AK PORTFÖY BÜYÜYEN ŞİRKETLER HİSSE SENEDİ (TL) FONU (HİSSE SENEDİ YOĞUN FON),
2025-07-24,BV1,BV PORTFÖY BİRİNCİ HİSSE SENEDİ (TL) FON (HİSSE SENEDİ YOĞUN FON),
2025-07-24,BVM,ALLBATROSS PORTFÖY BİRİNCİ HİSSE SENEDİ SERBEST (TL) FON (HİSSE SENEDİ YOĞUN FON),
2025-07-24,BVV,BV PORTFÖY TEKNOLOJİ DEĞİŞKEN FON,
2025-07-24,BVZ,BV PORTFÖY İSTATİSTİKSEL ARBİTRAJ SERBEST (TL) FON,
2025-07-24,CFO,ROTA PORTFÖY İKİNCİ PARA PİYASASI FONU,
2025-07-24,CIN,AKTİF PORTFÖY BİRİNCİ SERBEST FON,
2025-07-24,CKF,ALBARAKA PORTFÖY ÇOKLU VARLIK KATILIM FONU,
2025-07-24,CKL,YAPI KREDİ PORTFÖY ÇOKLU VARLIK DEĞİŞKEN FON,
2025-07-24,CKS,İŞ PORTFÖY BİRİNCİ KATILIM SERBEST (DÖVİZ) FON,
2025-07-24,CPT,ROTA PORTFÖY ÇİP TEKNOLOJİLERİ DEĞİŞKEN FON,
2025-07-24,CPU,AKTİF PORTFÖY TEKNOLOJİ KATILIM FONU,
2025-07-24,CVK,INVEO PORTFÖY ÇOKLU VARLIK KATILIM FONU,
2025-07-24,DAH,DENİZ PORTFÖY HİSSE SENEDİ FONU (HİSSE SENEDİ YOĞUN FON),
2025-07-24,DAS,DENİZ PORTFÖY ONİKİNCİ SERBEST (DÖVİZ) FON,
2025-07-24,DBA,DENİZ PORTFÖY ALTIN FONU,
2025-07-24,DBB,DENİZ PORTFÖY BORÇLANMA ARAÇLARI FONU,
2025-07-24,DBH,DENİZ PORTFÖY EUROBOND (DÖVİZ) BORÇLANMA ARAÇLARI FONU,
2025-07-24,DBK,DENİZ PORTFÖY KISA VADELİ BORÇLANMA ARAÇLARI (TL) FONU,
2025-07-24,DBP,DENİZ PORTFÖY BİRİNCİ DEĞİŞKEN FON,
2025-07-24,DBZ,DENİZ PORTFÖY ÖZEL SEKTÖR BORÇLANMA ARAÇLARI FONU,
2025-07-24,DCB,DENİZ PORTFÖY PARA PİYASASI SERBEST (TL) FON,
2025-07-24,DDA,DENİZ PORTFÖY BANKACILIK SEKTÖRÜ HİSSE SENEDİ SERBEST FON (HİSSE SENEDİ YOĞUN FON),
2025-07-24,DDF,DENİZ PORTFÖY DİNAMO SERBEST FON,
2025-07-24,DEF,ALLBATROSS PORTFÖY DEFNE SERBEST FON,
2025-07-24,DFC,DENİZ PORTFÖY TARIM VE GIDA DEĞİŞKEN FON,
2025-07-24,DFD,DENİZ PORTFÖY EMTİA SERBEST FON,
2025-07-24,DFI,ATLAS PORTFÖY SERBEST FON,
2025-07-24,DGH,ATA PORTFÖY ÜÇÜNCÜ SERBEST (TL) FONU,
2025-07-24,DHJ,DENİZ PORTFÖY TEKNOLOJİ ŞİRKETLERİ HİSSE SENEDİ FONU (HİSSE SENEDİ YOĞUN FON),
2025-07-24,DHM,DENİZ PORTFÖY ESG-SÜRDÜRÜLEBİLİRLİK FON SEPETİ FONU,
2025-07-24,DID,DENİZ PORTFÖY İKİNCİ DEĞİŞKEN FON,
2025-07-24,DIP,DENİZ PORTFÖY İKİNCİ PARA PİYASASI SERBEST (TL) FON,
2025-07-24,DKH,DENİZ PORTFÖY KATILIM HİSSE SENEDİ (TL) FONU (HİSSE SENEDİ YOĞUN FON),
2025-07-24,DKL,DENİZ PORTFÖY BİRİNCİ KATILIM SERBEST (DÖVİZ) FON,
2025-07-24,DKR,DENİZ PORTFÖY ONDÖRDÜNCÜ SERBEST FON,
2025-07-24,DL2,DENİZ PORTFÖY İKİNCİ PARA PİYASASI (TL) FONU,
2025-07-24,DLD,DENİZ PORTFÖY SÜRDÜRÜLEBİLİRLİK HİSSE SENEDİ FONU (HİSSE SENEDİ YOĞUN FON),
2025-07-24,DLY,DENİZ PORTFÖY PARA PİYASASI (TL) FONU,
2025-07-24,DMG,DENİZ PORTFÖY GÜMÜŞ FON SEPETİ FONU,
2025-07-24,DNK,TACİRLER PORTFÖY DENGE KATILIM SERBEST FON,
2025-07-24,DNM,QNB PORTFÖY DİNAMİK DAĞILIMLI SERBEST (DÖVİZ) FON,
2025-07-24,DOH,TERA PORTFÖY DÖRDÜNCÜ HİSSE SENEDİ SERBEST (TL) FON (HİSSE SENEDİ YOĞUN FON),
2025-07-24,DOL,AKTİF PORTFÖY ÜÇÜNCÜ AKTİF SERBEST (DÖVİZ) FON,
2025-07-24,DOV,DENİZ PORTFÖY ONÜÇÜNCÜ SERBEST (DÖVİZ-AVRO) FON,
2025-07-24,DPB,DENİZ PORTFÖY SERBEST (DÖVİZ) FON,
2025-07-24,DPK,DENİZ PORTFÖY KİRA SERTİFİKALARI KATILIM (TL) FONU,
2025-07-24,DPT,DENİZ PORTFÖY BİST TEMETTÜ 25 ENDEKSİ HİSSE SENEDİ FONU ( HİSSE SENEDİ YOĞUN FON ),
2025-07-24,DSD,DENİZ PORTFÖY İKİNCİ SERBEST (DÖVİZ_AVRO) FON,
2025-07-24,DSP,DENİZ PORTFÖY DENGELİ FON SEPETİ FONU,
2025-07-24,DTL,DENİZ PORTFÖY BIST 100 DIŞI ŞİRKETLER HİSSE SENEDİ (TL) FONU (HİSSE SENEDİ YOĞUN FON),
2025-07-24,DTM,DENİZ PORTFÖY TEMETTÜ ÖDEYEN ŞİRKETLER DEĞİŞKEN FON,
2025-07-24,DTZ,AK PORTFÖY ROBOTİK TEKNOLOJİLER DEĞİŞKEN FON,
2025-07-24,DUD,DENİZ PORTFÖY UZUN VADELİ SERBEST (DÖVİZ) FON,
2025-07-24,DUH,HEDEF PORTFÖY UFUK HİSSE SENEDİ SERBEST FON (HİSSE SENEDİ YOĞUN FON),
2025-07-24,DUV,DENİZ PORTFÖY UZUN VADELİ BORÇLANMA ARAÇLARI FONU,
2025-07-24,DVS,DENİZ PORTFÖY KISA VADELİ SERBEST (TL) FON,
2025-07-24,DVT,DENİZ PORTFÖY METAVERSE VE DİJİTAL YAŞAM TEKNOLOJİLERİ DEĞİŞKEN FON,
2025-07-24,DXP,DENİZ PORTFÖY İHRACATÇI ŞİRKETLER HİSSE SENEDİ FONU (HİSSE SENEDİ YOĞUN FON),
2025-07-24,DYN,DENİZ PORTFÖY ELEKTRİKLİ VE OTONOM ARAÇ TEKNOLOJİLERİ DEĞİŞKEN FON,
2025-07-24,DZE,DENİZ PORTFÖY BIST 100 ENDEKSİ HİSSE SENEDİ FONU(HİSSE SENEDİ YOĞUN FON),
2025-07-24,DZM,DENİZ PORTFÖY BEŞİNCİ SERBEST (DÖVİZ) FON,
2025-07-24,EBD,GLOBAL MD PORTFÖY İKİNCİ DEĞİŞKEN FON,
2025-07-24,EC2,GLOBAL MD PORTFÖY BİRİNCİ HİSSE SENEDİ FONU(HİSSE SENEDİ YOĞUN FON),
2025-07-24,ECA,GLOBAL MD PORTFÖY BİRİNCİ DEĞİŞKEN FON,
2025-07-24,EDT,DENİZ PORTFÖY TED EĞİTİME DESTEK SERBEST FON,
2025-07-24,EDU,İŞ PORTFÖY TEV EĞİTİME DESTEK DEĞİŞKEN FON,
2025-07-24,EIB,QİNVEST PORTFÖY DEĞİŞKEN FON,
2025-07-24,EIC,QİNVEST PORTFÖY İKİNCİ DEĞİŞKEN FONU,
2025-07-24,EID,QİNVEST PORTFÖY HİSSE SENEDİ FONU (HİSSE YOĞUN FON),
2025-07-24,EIL,QİNVEST PORTFÖY PARA PİYASASI FONU,
2025-07-24,EKF,QİNVEST PORTFÖY KİRA SERTİFİKASI KATILIM (TL) FONU,
2025-07-24,ELZ,QİNVEST PORTFÖY KATILIM HİSSE SENEDİ FONU (HİSSE SENEDİ YOĞUN FON),
2025-07-24,ENJ,AKTİF PORTFÖY ENERJİ ŞİRKETLERİ HİSSE SENEDİ (TL) FONU (HİSSE SENEDİ YOĞUN FON),
2025-07-24,ESG,AKTİF PORTFÖY ESG SÜRDÜRÜLEBİLİRLİK SERBEST FON,
2025-07-24,ESP,AURA PORTFÖY EMTİA SERBEST FON,
2025-07-24,EUN,GARANTİ PORTFÖY İKİNCİ SERBEST (DÖVİZ-AVRO) FON,
2025-07-24,EUZ,GARANTİ PORTFÖY SERBEST (DÖVİZ-AVRO) FON,
2025-07-24,EYT,AKTİF PORTFÖY İKİNCİ FON SEPETİ FONU,
2025-07-24,FBC,FONERİA PORTFÖY KAR PAYI ÖDEYEN KATILIM FONU,
2025-07-24,FBI,FİBA PORTFÖY BİRİNCİ SERBEST (DÖVİZ) FON,
2025-07-24,FBV,İŞ PORTFÖY MODEL SERBEST FON,
2025-07-24,FBZ,FİBA PORTFÖY TEKNOLOJİ SERBEST FON,
2025-07-24,FCK,FONERİA PORTFÖY ÇOKLU VARLIK KATILIM FONU,
2025-07-24,FD1,FONERİA PORTFÖY BİRİNCİ DEĞİŞKEN FON,
2025-07-24,FDG,FONMAP PORTFÖY BİRİNCİ DEĞİŞKEN FON,
2025-07-24,FFH,QNB PORTFÖY ÇOKLU VARLIK KATILIM FONU,
2025-07-24,FFP,QNB PORTFÖY FON SEPETİ FONU,
2025-07-24,FI3,QNB PORTFÖY BORÇLANMA ARAÇLARI FONU,
2025-07-24,FIB,FİBA PORTFÖY ALTIN FONU,
2025-07-24,FID,FİBA PORTFÖY ÇOKLU VARLIK İKİNCİ DEĞİŞKEN FON,
2025-07-24,FIL,FİBA PORTFÖY PARA PİYASASI (TL) FONU,
2025-07-24,FIT,FİBA PORTFÖY BORÇLANMA ARAÇLARI (TL) FONU,
2025-07-24,FJB,FİBA PORTFÖY BLOK ZİNCİRİ TEKNOLOJİLERİ SERBEST FON,
2025-07-24,FJZ,FİBA PORTFÖY FIRTINA SERBEST (DÖVİZ) FON,
2025-07-24,FKE,QNB PORTFÖY KRİSTAL SERBEST (DÖVİZ-AVRO) FON,
2025-07-24,FLS,YAPI KREDİ PORTFÖY FLORYA SERBEST (DÖVİZ-AVRO) FON,
2025-07-24,FLY,AKTİF PORTFÖY HAVACILIK VE SAVUNMA TEKNOLOJİLERİ DEĞİŞKEN FON,
2025-07-24,FMG,QNB PORTFÖY GÜMÜŞ SERBEST FON,
2025-07-24,FNO,QNB PORTFÖY BİRİNCİ DEĞİŞKEN FON,
2025-07-24,FNT,HEDEF PORTFÖY MODEL HİSSE SENEDİ SERBEST (TL) FON (HİSSE SENEDİ YOĞUN FON),
2025-07-24,FPE,FİBA PORTFÖY EUROBOND BORÇLANMA ARAÇLARI (DÖVİZ)FONU,
2025-07-24,FPG,FİBA PORTFÖY GÜMÜŞ SERBEST FON,
2025-07-24,FPH,FİBA PORTFÖY HİSSE SENEDİ (TL) FONU (HİSSE SENEDİ YOĞUN FON),
2025-07-24,FPI,FONMAP PORTFÖY BİRİNCİ PARA PİYASASI (TL) FONU,
2025-07-24,FPK,FİBA PORTFÖY KISA VADELİ BORÇLANMA ARAÇLARI (TL) FONU,
2025-07-24,FPZ,QNB PORTFÖY BİRİNCİ SERBEST (DÖVİZ) FON,
2025-07-24,FRC,FONMAP PORTFÖY BİRİNCİ HİSSE SENEDİ SERBEST FON (HİSSE SENEDİ YOĞUN FON),
2025-07-24,FS5,FONERİA PORTFÖY BİRİNCİ İSTATİSTİKSEL ARBİTRAJ HİSSE SENEDİ SERBEST FON(HİSSE SENEDİ YOĞUN FON),
2025-07-24,FS6,FONERİA PORTFÖY İKİNCİ İSTATİSTİKSEL ARBİTRAJ SERBEST FON,
2025-07-24,FSF,FİBA PORTFÖY PARA PİYASASI SERBEST (TL) FON,
2025-07-24,FSG,FİBA PORTFÖY BİRİNCİ HİSSE SENEDİ SERBEST FON (HİSSE SENEDİ YOĞUN FON),
2025-07-24,FSH,FİBA PORTFÖY FON SEPETİ SERBEST FON,
2025-07-24,FSK,QNB PORTFÖY İKİNCİ PARA PİYASASI (TL) FONU,
2025-07-24,FSR,FİBA PORTFÖY İKİNCİ SERBEST (DÖVİZ-AVRO) FON,
2025-07-24,FTL,FONERİA PORTFÖY PARA PİYASASI KATILIM (TL) FONU,
2025-07-24,FUA,AK PORTFÖY İHRACATÇI ŞİRKETLER HİSSE SENEDİ (TL) FONU (HİSSE SENEDİ YOĞUN FON),
2025-07-24,FUB,QNB PORTFÖY EUROBOND (DÖVİZ) BORÇLANMA ARAÇLARI FONU,
2025-07-24,FYD,QNB PORTFÖY BİRİNCİ HİSSE SENEDİ FONU (HİSSE SENEDİ YOĞUN FON),
2025-07-24,FYI,AZİMUT PORTFÖY 4.0 SERBEST FON,
2025-07-24,FYO,QNB PORTFÖY ÖZEL SEKTÖR BORÇLANMA ARAÇLARI FONU,
2025-07-24,FZJ,FİBA PORTFÖY BİRİNCİ FON SEPETİ FONU,
2025-07-24,FZP,FİBA PORTFÖY SERBEST FON,
2025-07-24,GA1,GARANTİ PORTFÖY  BORÇLANMA ARAÇLARI FONU,
2025-07-24,GAE,GARANTİ PORTFÖY BİST30 ENDEKSİ HİSSE SENEDİ FONU (HİSSE SENEDİ YOĞUN FON),
2025-07-24,GAF,INVEO PORTFÖY BİRİNCİ HİSSE SENEDİ FONU (HİSSE SENEDİ YOĞUN FON),
2025-07-24,GAG,INVEO PORTFÖY BİRİNCİ SERBEST (DÖVIZ)  FON,
2025-07-24,GAH,GARANTİ PORTFÖY MUTLAK GETİRİ HEDEFLİ DEĞİŞKEN FON,
2025-07-24,GAS,GARANTİ PORTFÖY ÜÇÜNCÜ SERBEST(DÖVİZ) FON,
2025-07-24,GBC,AZİMUT PYŞ YABANCI BYF FON SEPETİ FONU,
2025-07-24,GBG,INVEO PORTFÖY G-20 ÜLKELERİ YABANCI HİSSE SENEDİ FONU,
2025-07-24,GBH,GARANTİ PORTFÖY BİRİNCİ HİSSE SENEDİ SERBEST FON (HİSSE SENEDİ YOĞUN FON),
2025-07-24,GBJ,GARANTİ PORTFÖY BANKACILIK SEKTÖRÜ HİSSE SENEDİ SERBEST FON (HİSSE SENEDİ YOĞUN FON),
2025-07-24,GBL,AZİMUT PYŞ KISA VADELİ BORÇLANMA ARAÇLARI FONU,
2025-07-24,GBN,GARANTİ PORTFÖY BEŞİNCİ SERBEST (TL) FON,
2025-07-24,GBV,GARANTİ PORTFÖY BLOCKCHAİN TEKNOLOJİLERİ DEĞİŞKEN FON,
2025-07-24,GBZ,AZİMUT PORTFÖY EMTİA FON SEPETİ FONU,
2025-07-24,GGK,INVEO PORTFÖY  ALTIN FON,
2025-07-24,GHS,GARANTİ PORTFÖY HİSSE SENEDİ FONU (HİSSE SENEDİ YOĞUN FON),
2025-07-24,GID,GARANTİ PORTFÖY İNŞAAT SEKTÖRÜ DEĞİŞKEN FON,
2025-07-24,GIE,GARANTİ PORTFÖY GARANTİ BBVA İKLİM ENDEKSİ HİSSE SENEDİ (TL) FONU (HİSSE SENEDİ YOĞUN FON),
2025-07-24,GIH,ALLBATROSS PORTFÖY GIDA VE İÇECEK SEKTÖRÜ HİSSE SENEDİ FONU (HİSSE SENEDİ YOĞUN FON),
2025-07-24,GJB,INVEO PORTFÖY BİRİNCİ FON SEPETİ FONU,
2025-07-24,GKF,GLOBAL MD PORTFÖY KATILIM FONU,
2025-07-24,GKG,GARANTİ PORTFÖY KAR PAYI ÖDEYEN HİSSE SENEDİ (TL) FONU (HİSSE SENEDİ YOĞUN FON),
2025-07-24,GKH,GARANTİ PORTFÖY PARA PİYASASI KATILIM SERBEST (TL) FON,
2025-07-24,GKV,GARANTİ PORTFÖY KATILIM HİSSE SENEDİ (TL) FONU (HİSSE SENEDİ YOĞUN FON),
2025-07-24,GL1,AZİMUT PYŞ BİRİNCİ HİSSE SENEDİ FONU (HİSSE SENEDİ YOĞUN FON),
2025-07-24,GLC,AKTİF PORTFÖY ÜÇÜNCÜ FON SEPETİ FONU,
2025-07-24,GLG,AKTİF PORTFÖY CAPİTAL HİSSE SENEDİ SERBEST FON (HİSSE SENEDİ YOĞUN FON),
2025-07-24,GLS,AZİMUT PORTFÖY  KİRA SERTİFİKALARI (SUKUK) KATILIM FONU,
2025-07-24,GMA,AZİMUT PORTFÖY ÇOKLU VARLIK DEĞİŞKEN FON,
2025-07-24,GMC,TEB PORTFÖY GÜMÜŞ FON SEPETİ FONU,
2025-07-24,GMD,GLOBAL MD PORTFÖY BİRİNCİ FON SEPETİ FONU,
2025-07-24,GMR,INVEO PORTFÖY İKİNCİ HİSSE SENEDİ FONU (HİSSE SENEDİ YOĞUN FON),
2025-07-24,GNH,GLOBAL MD PORTFÖY ALGORİTMİK MODEL HİSSE SENEDİ FONU (HİSSE SENEDİ YOĞUN FON),
2025-07-24,GNS,GARANTİ PORTFÖY ENERJİ ŞİRKETLERİ HİSSE SENEDİ (TL) FONU (HİSSE SENEDİ YOĞUN FON),
2025-07-24,GO1,FONERİA PORTFÖY BİRİNCİ FON SEPETİ FONU,
2025-07-24,GO2,FONERİA PORTFÖY KATILIM FON SEPETİ FONU,
2025-07-24,GO3,FONERİA PORTFÖY ÜÇÜNCÜ FON SEPETİ FONU,
2025-07-24,GO4,FONERİA PORTFÖY DÖRDÜNCÜ FON SEPETİ FONU,
2025-07-24,GO6,FONERİA PORTFÖY PARA PİYASASI (TL) FONU,
2025-07-24,GO9,FONERİA PORTFÖY BİRİNCİ HİSSE SENEDİ FONU (HİSSE SENEDİ YOĞUN FON),
2025-07-24,GOH,GARANTİ PORTFÖY BIST 100 DIŞI ŞİRKETLER HİSSE SENEDİ FONU (HİSSE SENEDİ YOĞUN FON),
2025-07-24,GOL,GARANTİ PORTFÖY ALTIN KATILIM FONU,
2025-07-24,GPA,GARANTİ PORTFÖY EUROBOND BORÇLANMA ARAÇLARI (DÖVİZ) FONU,
2025-07-24,GPB,GARANTİ PORTFÖY BİRİNCİ DEĞİŞKEN FON,
2025-07-24,GPC,GARANTİ PORTFÖY İKİNCİ SERBEST ( DÖVİZ ) FON,
2025-07-24,GPF,GARANTİ PORTFÖY ÇOKLU VARLIK KATILIM FONU,
2025-07-24,GPG,INVEO PORTFÖY BİRİNCİ DEĞİŞKEN FON,
2025-07-24,GPI,GARANTİ PORTFÖY İKİNCİ DEĞİŞKEN FON,
2025-07-24,GPL,GARANTİ PORTFÖY BİRİNCİ SERBEST (DÖVİZ) FON,
2025-07-24,GPT,AKTİF PORTFÖY ROBOTİK TEKNOLOJİLERİ DEĞİŞKEN FON,
2025-07-24,GPU,GARANTİ PORTFÖY ÜÇÜNCÜ DEĞİŞKEN FON,
2025-07-24,GPZ,GARANTİ PORTFÖY ÜÇÜNCÜ PARA PİYASASI FONU,
2025-07-24,GRL,QNB PORTFÖY AGRESİF SERBEST FON,
2025-07-24,GRO,GARANTİ PORTFÖY OTUZUNCU SERBEST (DÖVİZ) FON,
2025-07-24,GRT,GARANTİ PORTFÖY TEKNOLOJİ ŞİRKETLERİ HİSSE SENEDİ (TL) FONU (HİSSE SENEDİ YOĞUN FON),
2025-07-24,GSP,AZİMUT PYŞ KAR PAYI ÖDEYEN HİSSE SENEDİ FONU (HİSSE SENEDİ YOĞUN FON),
2025-07-24,GTA,GARANTİ PORTFÖY ALTIN FONU,
2025-07-24,GTF,AZİMUT PYŞ BİRİNCİ BORÇLANMA ARAÇLARI FONU,
2025-07-24,GTH,GARANTİ PORTFÖY İHRACATÇI ŞİRKETLER HİSSE SENEDİ (TL) FONU (HİSSE SENEDİ YOĞUN FON),
2025-07-24,GTM,GARANTİ PORTFÖY TEMETTÜ ÖDEYEN ŞİRKETLER HİSSE SENEDİ (TL) FONU (HİSSE SENEDİ YOĞUN FON),
2025-07-24,GTY,GARANTİ PORTFÖY TREND SERBEST FON,
2025-07-24,GTZ,GARANTİ PORTFÖY GÜMÜŞ FON SEPETİ FONU,
2025-07-24,GUB,GARANTİ PORTFÖY ÖZEL SEKTÖR BORÇLANMA ARAÇLARI FONU,
2025-07-24,GUH,GARANTİ PORTFÖY YABANCI TEKNOLOJİ HİSSE SENEDİ FONU,
2025-07-24,GUM,AK PORTFÖY GÜMÜŞ FON SEPETI FONU,
2025-07-24,GUV,GARANTİ PORTFÖY UZUN VADELİ BORÇLANMA ARAÇLARI FONU,
2025-07-24,GVA,GARANTİ PORTFÖY ELEKTRİKLİ VE OTONOM ARAÇLAR DEĞİŞKEN FON,
2025-07-24,GVI,GARANTİ PORTFÖY ÜÇÜNCÜ FON SEPETİ FONU,
2025-07-24,GYK,INVEO PORTFÖY BORÇLANMA ARAÇLARI (TL) FONU,
2025-07-24,GZE,GARANTİ PORTFÖY EMTİA SERBEST FON,
2025-07-24,GZG,GARANTİ PORTFÖY SAĞLIK SEKTÖRÜ DEĞİŞKEN FON,
2025-07-24,GZH,GARANTİ PORTFÖY TEMİZ ENERJİ DEĞİŞKEN FON,
2025-07-24,GZJ,GARANTİ PORTFÖY İKİNCİ FON SEPETİ FONU,
2025-07-24,GZL,GARANTİ PORTFÖY TARIM VE GIDA SEKTÖRÜ DEĞİŞKEN FON,
2025-07-24,GZM,GLOBAL MD PORTFÖY DİNAMİK SERBEST (TL) FON,
2025-07-24,GZN,GLOBAL MD PORTFÖY BOĞAZİÇİ SERBEST FON,
2025-07-24,GZP,GARANTİ PORTFÖY BİRİNCİ FON SEPETİ FONU,
2025-07-24,GZR,GARANTİ PORTFÖY SÜRDÜRÜLEBİLİRLİK HİSSE SENEDİ FONU (HİSSE SENEDİ YOĞUN FON),
2025-07-24,GZV,GARANTİ PORTFÖY ESG SÜRDÜRÜLEBİLİRLİK FON SEPETİ FONU,
2025-07-24,GZY,GARANTİ PORTFÖY TURİZM VE SEYAHAT SEKTÖRÜ DEĞİŞKEN FON,
2025-07-24,GZZ,GARANTİ PORTFÖY FİNANS SEKTÖRÜ DEĞİŞKEN FON,
2025-07-24,HAM,HEDEF PORTFÖY ALTIN KATILIM FONU,
2025-07-24,HAT,HEDEF PORTFÖY ATLAS İSTATİSTİKSEL ARBİTRAJ HİSSE SENEDİ SERBEST FON (HİSSE SENEDİ YOĞUN FON),
2025-07-24,HBF,HSBC PORTFÖY ALTIN FONU,
2025-07-24,HBN,HSBC PORTFÖY BİRİNCİ FON SEPETİ FONU,
2025-07-24,HBU,HSBC PORTFÖY BİST 30 ENDEKSİ HİSSE SENEDİ FONU (HİSSE SENEDİ YOĞUN FON),
2025-07-24,HDA,HEDEF PORTFÖY DÖRDÜNCÜ İSTATİSTİKSEL ARBİTRAJ HİSSE SENEDİ SERBEST (TL) FON (HİSSE SENEDİ YOĞUN FON),
2025-07-24,HDK,HEDEF PORTFÖY VEGA İSTATİSTİKSEL ARBİTRAJ HİSSE SENEDİ SERBEST FON (HİSSE SENEDİ YOĞUN FON),
2025-07-24,HEH,HEDEF PORTFÖY ALGO EVEREST İSTATİSTİKSEL ARBİTRAJ HİSSE SENEDİ SERBEST FON (HİSSE SENEDİ YOĞUN FON),
2025-07-24,HFI,HEDEF PORTFÖY İKİNCİ KATILIM HİSSE SENEDİ SERBEST FON (HİSSE SENEDİ YOĞUN FON),
2025-07-24,HGM,HEDEF PORTFÖY İKİNCİ HİSSE SENEDİ (TL) FONU (HİSSE SENEDİ YOĞUN FON),
2025-07-24,HGV,HEDEF PORTFÖY BİRİNCİ SERBEST FON,
2025-07-24,HIA,HEDEF PORTFÖY İSTATİSTİKSEL ARBİTRAJ SERBEST FON,
2025-07-24,HIH,GARANTİ  PORTFÖY HOLDİNGLER VE İŞTİRAKLERİ HİSSE SENEDİ (TL) FONU (HİSSE SENEDİ YOĞUN FON),
2025-07-24,HIM,HEDEF PORTFÖY İKİNCİ MUTLAK GETİRİ HEDEFLİ HİSSE SENEDİ SERBEST FON (HİSSE SENEDİ YOĞUN FON),
2025-07-24,HIZ,AZİMUT PORTFÖY DİNAMİK DEĞİŞKEN FON,
2025-07-24,HJB,HEDEF PORTFÖY BİRİNCİ DEĞİŞKEN FON,
2025-07-24,HKG,ZİRAAT PORTFÖY HALK'IN ÜRETEN KADINLARI DEĞİŞKEN FON,
2025-07-24,HKH,HEDEF PORTFÖY KATILIM HİSSE SENEDİ (TL) FONU (HİSSE SENEDİ YOĞUN FON),
2025-07-24,HKM,HEDEF PORTFÖY BAŞAK HİSSE SENEDİ SERBEST (TL) FON (HİSSE SENEDİ YOĞUN FON),
2025-07-24,HKR,HSBC PORTFÖY KIRMIZI HİSSE SENEDİ SERBEST (TL) FON (HİSSE SENEDİ YOĞUN FON),
2025-07-24,HMC,HEDEF PORTFÖY EKİNOKS SERBEST (TL) FON,
2025-07-24,HMG,HSBC PYŞ MUTLAK GETİRİ HEDEFLİ HİSSE SENEDİ SERBEST (TL) FON(HİSSE SENEDİ YOĞUN FON),
2025-07-24,HML,HEDEF PORTFÖY KATILIM SERBEST (DÖVİZ) FON,
2025-07-24,HMS,HSBC PORTFÖY SÜRDÜRÜLEBİLİRLİK HİSSE SENEDİ (TL) FONU (HİSSE SENEDİ YOĞUN FON),
2025-07-24,HNC,HEDEF PORTFÖY ÜÇÜNCÜ HİSSE SENEDİ FONU (HİSSE SENEDİ YOĞUN FON),
2025-07-24,HOA,HSBC PORTFÖY TEKNOLOJİ DEĞİŞKEN FON,
2025-07-24,HOY,HSBC PORTFÖY YABANCI BYF FON SEPETI,
2025-07-24,HP3,HEDEF PORTFÖY LİDYA SERBEST (DÖVİZ) FON,
2025-07-24,HPD,HSBC PORTFÖY İKİNCİ DEĞİŞKEN FON,
2025-07-24,HPH,HEDEF PORTFÖY PARA PIYASASI KATILIM FONU,
2025-07-24,HPO,HSBC PORTFÖY ÇOKLU VARLIK BİRİNCİ DEĞİŞKEN FON,
2025-07-24,HPT,HSBC PORTFÖY KISA VADELİ BORÇLANMA ARAÇLARI (TL) FONU,
2025-07-24,HRZ,AKTİF PORTFÖY BIST HALKA ARZ ŞİRKETLERİ HİSSE SENEDİ (TL) FONU (HİSSE SENEDİ YOĞUN FON),
2025-07-24,HSA,HSBC PORTFÖY DEĞİŞKEN (TL) FON,
2025-07-24,HSL,HSBC PORTFÖY PARA PİYASASI (TL) FONU,
2025-07-24,HST,HSBC PORTFÖY  BORÇLANMA ARAÇLARI (TL) FONU,
2025-07-24,HTJ,HEDEF PORTFÖY TEKNOLOJİ DEĞİŞKEN FON,
2025-07-24,HVK,HEDEF PORTFÖY BİRİNCİ BORÇLANMA ARAÇLARI (TL) FONU,
2025-07-24,HVS,HSBC PORTFÖY HİSSE SENEDİ (TL) FONU (HİSSE SENEDİ YOĞUN FON),
2025-07-24,HVT,ALLBATROSS PORTFÖY BİRİNCİ PARA PİYASASI (TL) FONU,
2025-07-24,HVU,ALLBATROSS PORTFÖY BİRİNCİ DEĞİŞKEN FON,
2025-07-24,HVZ,ALLBATROSS PORTFÖY BİRİNCİ HİSSE SENEDİ (TL) FONU (HİSSE SENEDİ YOĞUN FON),
2025-07-24,HYP,AZİMUT PORTFÖY İVME SERBEST FON,
2025-07-24,HYU,HSBC PORTFÖY KISA VADELİ SERBEST (TL) FON,
2025-07-24,HYV,HEDEF PORTFÖY PARA PİYASASI (TL) FONU,
2025-07-24,IAE,İSTANBUL PORTFÖY AGRESİF DEĞİŞKEN FON,
2025-07-24,IAM,İŞ PORTFÖY AGRESİF FON SEPETİ FONU,
2025-07-24,IAT,İŞ PORTFÖY KİRA SERTİFİKALARI KATILIM (TL) FONU,
2025-07-24,IAU,PARDUS PORTFÖY İKİNCİ İSTATİSTİKSEL ARBİTRAJ HİSSE SENEDİ SERBEST (TL) FON (HİSSE SENEDİ YOĞUN FON),
2025-07-24,IAY,INVEO PORTFÖY ALTIN KATILIM FONU,
2025-07-24,IBB,İŞ PORTFÖY ATAK DEĞİŞKEN FON,
2025-07-24,ICA,ICBC TURKEY PORTFÖY ALTIN FONU,
2025-07-24,ICC,ICBC TURKEY PORTFÖY İKİNCİ DEĞİŞKEN FON,
2025-07-24,ICD,ICBC TURKEY PORTFÖY BİRİNCİ DEĞİŞKEN FON,
2025-07-24,ICE,ICBC TURKEY PORTFOY PARA PİYASASI (TL) FONU,
2025-07-24,ICF,ICBC TURKEY PORTFÖY HİSSE SENEDİ FONU(HİSSE SENEDİ YOĞUN FON),
2025-07-24,ICH,PARDUS PORTFÖY İKİNCİ DEĞİŞKEN FON,
2025-07-24,ICS,ICBC TURKEY PORTFÖY SERBEST (DÖVİZ) FON,
2025-07-24,ICV,ICBC TURKEY PORTFÖY BİRİNCİ SERBEST FON,
2025-07-24,ICZ,AK PORTFÖY TEKNOLOJİ ŞİRKETLERİ HİSSE SENEDİ (TL) FONU (HİSSE SENEDİ YOĞUN FON),
2025-07-24,IDD,LOGOS PORTFÖY DİNAMİK DAĞIMLI SERBEST FON,
2025-07-24,IDF,İŞ PORTFÖY SERBEST (DÖVİZ) FON,
2025-07-24,IDH,İŞ PORTFÖY BIST 100 DIŞI ŞİRKETLER HİSSE SENEDİ (TL) FONU (HİSSE SENEDİ YOĞUN FON),
2025-07-24,IDI,AZİMUT PORTFÖY İNŞAAT SEKTÖRÜ HİSSE SENEDİ FONU (HİSSE SENEDİ YOĞUN FON),
2025-07-24,IDL,AKTİF PORTFÖY PARA PİYASASI (TL) FONU,
2025-07-24,IDO,İŞ PORTFÖY ONDOKUZUNCU SERBEST (DÖVİZ-AVRO) FON,
2025-07-24,IDY,TEB PORTFÖY İKİNCİ DEĞİŞKEN FON,
2025-07-24,IEV,İŞ PORTFÖY TAŞIMACILIK DEĞİŞKEN FON,
2025-07-24,IFN,ICBC TURKEY PORTFÖY SÜRDÜRÜLEBİLİRLİK HİSSE SENEDİ FONU(HİSSE SENEDİ YOĞUN FON),
2025-07-24,IFV,ICBC TURKEY PORTFÖY BİRİNCİ KISA VADELİ BORÇLANMA ARAÇLARI (TL) FONU,
2025-07-24,IHA,ALLBATROSS PORTFÖY İKİNCİ HİSSE SENEDİ (TL) FONU (HİSSE SENEDİ YOĞUN FON),
2025-07-24,IHC,INVEO PORTFÖY INTER SERBEST FON,
2025-07-24,IHK,İŞ PORTFÖY İŞ'TE KADIN HİSSE SENEDİ (TL) FONU (HİSSE SENEDİ YOĞUN FON),
2025-07-24,IHP,İSTANBUL PORTFÖY İKİNCİ HİSSE SENEDİ SERBEST (TL) FON (HİSSE SENEDİ YOĞUN FON),
2025-07-24,IHT,İŞ PORTFÖY İHRACATÇI ŞİRKETLER HİSSE SENEDİ (TL) FONU (HİSSE SENEDİ YOĞUN FON),
2025-07-24,IHZ,ALLBATROSS PORTFÖY İKİNCİ HİSSE SENEDİ SERBEST FON (HİSSE SENEDİ YOĞUN FON),
2025-07-24,IIE,İSTANBUL PORTFÖY ONDÖRDÜNCÜ SERBEST FON,
2025-07-24,IIH,İSTANBUL PORTFÖY ÜÇÜNCÜ HİSSE SENEDİ FONU (HİSSE SENEDİ YOĞUN FON),
2025-07-24,IJA,INVEO PORTFÖY ATAK DEĞİŞKEN FON,
2025-07-24,IJB,İŞ PORTFÖY DİJİTAL OYUN SEKTÖRÜ KARMA FON,
2025-07-24,IJC,İŞ PORTFÖY YARI İLETKEN TEKNOLOJİLERİ DEĞİŞKEN FON,
2025-07-24,IJH,ICBC TURKEY PORTFÖY BİRİNCİ FON SEPETİ FONU,
2025-07-24,IJP,İŞ PORTFÖY BLOCKCHAİN TEKNOLOJİLERİ KARMA FON,
2025-07-24,IJT,İŞ PORTFÖY TARIM SERBEST FON,
2025-07-24,IJV,İSTANBUL PORTFÖY BİRİNCİ PARA PİYASASI (TL) FONU,
2025-07-24,IJZ,İŞ PORTFÖY SİBER GÜVENLİK TEKNOLOJİLERİ DEĞİŞKEN FON,
2025-07-24,IKL,İŞ PORTFÖY SAĞLIK ŞİRKETLERİ KARMA FON,
2025-07-24,IKP,İŞ PORTFÖY YENİLENEBİLİR ENERJİ KARMA FON,
2025-07-24,IKV,İŞ PORTFÖY İKİNCİ KISA VADELİ BORÇLANMA ARAÇLARI (TL) FONU,
2025-07-24,ILZ,İŞ PORTFÖY TEMKİNLİ FON SEPETİ FONU,
2025-07-24,IMB,İSTANBUL PORTFÖY ALGORİTMİK MODEL HİSSE SENEDİ FONU (HİSSE SENEDİ YOĞUN FON),
2025-07-24,IMF,İSTANBUL PORTFÖY MAESTRO SERBEST FON,
2025-07-24,IML,İŞ PORTFÖY MODEL PORTFÖY HİSSE SENEDİ (TL) FONU (HİSSE SENEDİ YOĞUN FON),
2025-07-24,IOG,İŞ PORTFÖY GÜMÜŞ SERBEST FON,
2025-07-24,IOO,İŞ PORTFÖY İKİNCİ PARA PİYASASI (TL) FONU,
2025-07-24,IPB,İSTANBUL PORTFÖY BİRİNCİ DEĞİŞKEN FON,
2025-07-24,IPG,İŞ PORTFÖY ATAK FON SEPETİ FONU,
2025-07-24,IPJ,İŞ PORTFÖY ELEKTRİKLİ ARAÇLAR KARMA FON,
2025-07-24,IPV,İŞ PORTFÖY EUROBOND BORÇLANMA ARAÇLARI (DÖVİZ) FONU,
2025-07-24,IRF,İSTANBUL PORTFÖY BİRİNCİ FON SEPETİ FONU,
2025-07-24,IRO,İSTANBUL PORTFÖY ROBOTİK TEKNOLOJİLERİ SERBEST FON,
2025-07-24,IRT,INVEO PORTFÖY TEKNOLOJİ DEĞİŞKEN FON,
2025-07-24,IRV,İSTANBUL PORTFÖY İSTATİSTİKSEL ARBİTRAJ SERBEST FON,
2025-07-24,IRY,INVEO PORTFÖY PARA PİYASASI (TL) FONU,
2025-07-24,IST,İSTANBUL PORTFÖY KISA VADELİ BORÇLANMA ARAÇLARI (TL) FONU,
2025-07-24,ITP,İŞ PORTFÖY TEKNOLOJİ KARMA FON,
2025-07-24,IUF,İŞ PORTFÖY YEDİNCİ SERBEST (DÖVİZ-AVRO) FON,
2025-07-24,IUH,INVEO PORTFÖY DÖNÜŞTÜRÜCÜ TEKNOLOJİLER FON SEPETİ FONU,
2025-07-24,IUV,İŞ PORTFÖY BEŞİNCİ SERBEST (DÖVİZ)  FON,
2025-07-24,IV8,INVEO PORTFÖY KİRA SERTİFİKALARI KATILIM FONU,
2025-07-24,IVF,İSTANBUL PORTFÖY KATILIM HİSSE SENEDİ (TL) FONU (HİSSE SENEDİ YOĞUN FON),
2025-07-24,IVY,İSTANBUL PORTFÖY BLOCKCHAIN TEKNOLOJİLERİ DEĞİŞKEN FON,
2025-07-24,IYB,AURA PORTFÖY DEĞİŞKEN FONU,
2025-07-24,IZB,İSTANBUL PORTFÖY BİRİNCİ FON SEPETİ SERBEST FON,
2025-07-24,IZF,QİNVEST PORTFÖY İKİNCİ KATILIM SERBEST FON,
2025-07-24,IZS,İSTANBUL PORTFÖY ALTINCI SERBEST FON,
2025-07-24,JET,ATA PORTFÖY HAVACILIK VE SAVUNMA TEKNOLOJİLERİ DEĞİŞKEN FON,
2025-07-24,JUP,AURA PORTFÖY JÜPİTER SERBEST (DÖVİZ) FON,
2025-07-24,KAV,KUVEYT TÜRK PORTFÖY ALTINCI KATILIM SERBEST (DÖVİZ-AVRO) FON,
2025-07-24,KCL,KARE PORTFÖY ÇOKLU VARLIK KATILIM FONU,
2025-07-24,KCV,KUVEYT TÜRK PORTFÖY ÇOKLU VARLIK KATILIM FONU,
2025-07-24,KDE,KUVEYT TÜRK PORTFÖY DENGELİ KATILIM FONU,
2025-07-24,KDL,KUVEYT TÜRK PORTFÖY BEŞİNCİ KATILIM SERBEST (DÖVİZ) FON,
2025-07-24,KDT,GARANTİ PORTFÖY KATILIM SERBEST (DÖVİZ) FON,
2025-07-24,KGM,KUVEYT TÜRK PORTFÖY GÜMÜŞ KATILIM FON SEPETİ FONU,
2025-07-24,KHA,PARDUS PORTFÖY İKİNCİ HİSSE SENEDİ (TL) FONU (HİSSE SENEDİ YOĞUN FON),
2025-07-24,KHB,KARE PORTFÖY BIST 100 DIŞI ŞİRKETLER HİSSE SENEDİ FONU (HİSSE SENEDİ YOĞUN FON),
2025-07-24,KHC,PARDUS PORTFÖY KATILIM HİSSE SENEDİ (TL) FONU (HİSSE SENEDİ YOĞUN FON),
2025-07-24,KHJ,ATLAS PORTFÖY KATILIM HİSSE SENEDİ FONU (HİSSE SENEDİ YOĞUN FON),
2025-07-24,KHT,ALLBATROSS PORTFÖY KARTAL HİSSE SENEDİ SERBEST (TL) FON (HİSSE SENEDİ YOĞUN FON),
2025-07-24,KIA,TRIVE PORTFÖY MUTLAK GETİRİ HEDEFLİ DEĞİŞKEN FON,
2025-07-24,KIB,TRIVE PORTFÖY ROBOTİK TEKNOLOJİLERİ DEĞİŞKEN FON,
2025-07-24,KID,TRIVE PORTFÖY BİRİNCİ SERBEST (DÖVİZ) FON,
2025-07-24,KIE,TRIVE PORTFÖY PARA PİYASASI (TL) FONU,
2025-07-24,KIF,TRIVE PORTFÖY EMTİA SERBEST FON,
2025-07-24,KIH,KARE PORTFÖY İSTATİSTİKSEL ARBİTRAJ HİSSE SENEDİ SERBEST FON (HİSSE SENEDİ YOĞUN FON),
2025-07-24,KIS,QİNVEST PORTFÖY KİRA SERTİFİKASI KATILIM (DÖVİZ) FONU,
2025-07-24,KKC,KARE PORTFÖY KATILIM SERBEST (DÖVİZ-AVRO) FON,
2025-07-24,KKH,İŞ PORTFÖY DENGELİ FON SEPETİ FONU,
2025-07-24,KKL,ALLBATROSS PORTFÖY KISA VADELİ KATILIM SERBEST (TL) FON,
2025-07-24,KLH,ATLAS PORTFÖY KATILIM HİSSE SENEDİ SERBEST FON (HİSSE SENEDİ YOĞUN FON),
2025-07-24,KLS,ALLBATROSS PORTFÖY KATILIM SERBEST (DÖVİZ) FON,
2025-07-24,KLU,KUVEYT TÜRK PORTFÖY PARA PİYASASI KATILIM (TL) FONU,
2025-07-24,KME,KUVEYT TÜRK PORTFÖY TEMKİNLİ KATILIM FONU,
2025-07-24,KMF,AZİMUT PORTFÖY ALTIN KATILIM FONU,
2025-07-24,KNJ,KUVEYT TÜRK PORTFÖY ENERJİ KATILIM FONU,
2025-07-24,KOT,AZİMUT PORTFÖY KOÇ TOPLULUĞU ŞİRKETLERİ HİSSE SENEDİ FONU (HİSSE SENEDİ YOĞUN FON),
2025-07-24,KP3,KARE PORTFÖY ÜÇÜNCÜ SERBEST (DÖVİZ) FON,
2025-07-24,KPA,KUVEYT TÜRK PORTFÖY KAR PAYI ÖDEYEN KATILIM HİSSE SENEDİ FONU (HİSSE SENEDİ YOĞUN FON),
2025-07-24,KPC,KUVEYT TÜRK PORTFÖY KATILIM HİSSE SENEDİ (TL) FONU (HİSSE SENEDİ YOĞUN FON),
2025-07-24,KPD,KUVEYT TÜRK PORTFÖY KAR PAYI ÖDEYEN KATILIM SERBEST (DÖVİZ) FON,
2025-07-24,KPF,NEO PORTFÖY KAPADOKYA HİSSE SENEDİ SERBEST FON (HİSSE SENEDİ YOĞUN FON),
2025-07-24,KPH,İŞ PORTFÖY KAR PAYI ÖDEYEN HİSSE SENEDİ (TL) FONU (HİSSE SENEDİ YOĞUN FON),
2025-07-24,KPP,KARE PORTFÖY PARA PİYASASI FONU,
2025-07-24,KPU,KUVEYT TÜRK PORTFÖY İKİNCİ KATILIM HİSSE SENEDİ (TL) FONU (HİSSE SENEDİ YOĞUN FON),
2025-07-24,KRA,TRİVE PORTFÖY KİRA SERTİFİKALARI KATILIM FONU,
2025-07-24,KRC,KARE PORTFÖY BİRİNCİ BORÇLANMA ARAÇLARI FONU,
2025-07-24,KRF,KARE PORTFÖY BİRİNCİ DEĞİŞKEN FON,
2025-07-24,KRS,KARE PORTFÖY SERBEST (DÖVİZ) FON,
2025-07-24,KRT,KARE PORTFÖY TÜRKİYE ODAKLI SERBEST (DÖVİZ ) FON,
2025-07-24,KSA,HEDEF PORTFÖY KISA VADELİ SERBEST (TL) FON,
2025-07-24,KSK,AZİMUT PORTFÖY İKİNCİ PARA PİYASASI KATILIM FONU,
2025-07-24,KSR,KUVEYT TÜRK PORTFÖY SÜRDÜRÜLEBİLİRLİK KATILIM FONU,
2025-07-24,KST,ALLBATROSS PORTFÖY KATILIM HİSSE SENEDİ (TL) FONU (HİSSE SENEDİ YOĞUN FON),
2025-07-24,KSV,KUVEYT TÜRK PORTFÖY KISA VADELİ KATILIM SERBEST (TL) FON,
2025-07-24,KTI,AZİMUT PORTFÖY KATILIM HİSSE SENEDİ FONU (HİSSE SENEDİ YOĞUN FON),
2025-07-24,KTJ,KUVEYT TÜRK PORTFÖY TEKNOLOJİ KATILIM FONU,
2025-07-24,KTM,KUVEYT TÜRK PORTFÖY BİRİNCİ KATILIM (TL) FONU,
2025-07-24,KTN,KUVEYT TÜRK PORTFÖY KİRA SERTİFİKALARI KATILIM (TL) FONU,
2025-07-24,KTR,KUVEYT TÜRK PORTFÖY BİRİNCİ KATILIM SERBEST (TL) FON,
2025-07-24,KTS,KUVEYT TÜRK PORTFÖY KATILIM HİSSE SENEDİ SERBEST FON (HİSSE SENEDİ YOĞUN FON),
2025-07-24,KTT,KUVEYT TÜRK PORTFÖY DÖRDÜNCÜ KATILIM SERBEST (DÖVİZ) FON,
2025-07-24,KTV,KUVEYT TÜRK PORTFÖY KISA VADELİ KİRA SERTİFİKALARI KATILIM (TL) FONU,
2025-07-24,KUA,KUVEYT TÜRK PORTFÖY AGRESİF KATILIM FONU,
2025-07-24,KUB,KARE PORTFÖY DEĞİŞKEN  (DÖVİZ) FONU,
2025-07-24,KUD,KUVEYT TÜRK PORTFÖY DİNAMİK KATILIM FONU,
2025-07-24,KUT,KUVEYT TÜRK PORTFÖY KIYMETLİ MADENLER KATILIM FONU,
2025-07-24,KVS,AZİMUT PORTFÖY KISA VADELİ SERBEST (TL) FON,
2025-07-24,KVT,AK PORTFÖY ENERJİ ŞİRKETLERİ HİSSE SENEDİ (TL) FONU (HİSSE SENEDİ YOĞUN FON),
2025-07-24,KYA,KARE PORTFÖY HİSSE SENEDİ FONU(HİSSE SENEDİ YOĞUN FON),
2025-07-24,KYS,KARE PORTFÖY YEDİNCİ SERBEST (DÖVİZ) FON,
2025-07-24,KZL,KUVEYT TÜRK PORTFÖY ALTIN KATILIM FONU,
2025-07-24,KZU,KUVEYT TÜRK PORTFÖY İKİNCİ ALTIN KATILIM FONU,
2025-07-24,LID,ALLBATROSS PORTFÖY İKİNCİ DEĞİŞKEN FON,
2025-07-24,LLA,ALLBATROSS PORTFÖY AYDIN HİSSE SENEDİ SERBEST (TL) FON (HİSSE SENEDİ YOĞUN FON),
2025-07-24,LPH,STATECH PORTFÖY İKİNCİ ALPHA SERBEST FON,
2025-07-24,MAC,MARMARA CAPITAL PORTFÖY HİSSE SENEDİ (TL) FONU (HİSSE SENEDİ YOĞUN FON),
2025-07-24,MAD,MEKSA PORTFÖY BİRİNCİ DEĞİŞKEN FON,
2025-07-24,MBL,MEKSA PORTFÖY İKİNCİ DEĞİŞKEN FON,
2025-07-24,MBR,MT PORTFÖY BİRİNCİ BORÇLANMA ARAÇLARI FONU,
2025-07-24,MCU,AZİMUT PORTFÖY MUTLAK GETİRİ HEDEFLİ HİSSE SENEDİ SERBEST FON (HİSSE SENEDİ YOĞUN FON),
2025-07-24,MD1,MT PORTFÖY BİRİNCİ DEĞİŞKEN FON,
2025-07-24,MD2,MT PORTFÖY İKİNCİ DEĞİŞKEN FON,
2025-07-24,MET,GARANTİ PORTFÖY METAVERSE VE YENİ TEKNOLOJİLER DEĞİŞKEN FON,
2025-07-24,MGB,İŞ PORTFÖY MUTLAK GETİRİ HEDEFLİ HİSSE SENEDİ SERBEST FON (HİSSE SENEDİ YOĞUN FON),
2025-07-24,MGH,TEB PORTFÖY MUTLAK GETİRİ HEDEFLİ HİSSE SENEDİ SERBEST FON (HİSSE SENEDİ YOĞUN FON),
2025-07-24,MHF,MT PORTFÖY BIST HALKA ARZ ŞİRKETLERİ HİSSE SENEDİ FONU (HİSSE SENEDİ YOĞUN FON),
2025-07-24,MJB,AKTİF PORTFÖY BİRİNCİ FON SEPETİ FONU,
2025-07-24,MJG,AKTİF PORTFÖY GÜMÜŞ FON SEPETİ FONU,
2025-07-24,MJL,AKTİF PORTFÖY AKTİF SERBEST (DÖVİZ-AVRO) FON,
2025-07-24,MKA,MARMARA CAPİTAL PORTFÖY KATILIM HİSSE SENEDİ (TL) FONU (HİSSE SENEDİ YOĞUN FON),
2025-07-24,MKG,AKTİF PORTFÖY ALTIN KATILIM FONU,
2025-07-24,MMH,AKTİF PORTFÖY BIST 30 ENDEKSİ HİSSE SENEDİ (TL) FONU (HİSSE SENEDİ YOĞUN FON),
2025-07-24,MPF,AKTİF PORTFÖY KISA VADELİ KİRA SERTİFİKASI KATILIM (TL) FONU,
2025-07-24,MPK,AKTİF PORTFÖY KİRA SERTİFİKASI KATILIM (TL) FONU,
2025-07-24,MPL,MT PORTFÖY PARA PİYASASI (TL) FONU,
2025-07-24,MPN,AKTİF PORTFÖY İKİNCİ AKTİF SERBEST (DÖVİZ) FON,
2025-07-24,MPP,MEKSA PORTFÖY PRİME SERBEST FON,
2025-07-24,MPS,AKTİF PORTFÖY KATILIM HİSSE SENEDİ (TL) FONU (HİSSE SENEDİ YOĞUN FON),
2025-07-24,MRI,TEB PORTFÖY MERİDYEN SERBEST FON,
2025-07-24,MT1,MT PORTFÖY BİRİNCİ SERBEST (DÖVİZ) FON,
2025-07-24,MTF,MT PORTFÖY BİRİNCİ İSTATİSTİKSEL ARBİTRAJ HİSSE SENEDİ SERBEST (TL) FON (HİSSE SENEDİ YOĞUN FON),
2025-07-24,MTG,DENİZ PORTFÖY MUTLAK GETİRİ HEDEFLİ HİSSE SENEDİ SERBEST FON (HİSSE SENEDİ YOGUN FON),
2025-07-24,MTH,MT PORTFÖY BİRİNCİ HİSSE SENEDİ FONU (HİSSE SENEDİ YOĞUN FON),
2025-07-24,MTK,MT PORTFÖY KATILIM HİSSE SENEDİ (TL) FONU (HİSSE SENEDİ YOĞUN FON),
2025-07-24,MTS,AKTİF PORTFÖY TARIM VE SÜRDÜRÜLEBİLİRLİK FON SEPETİ FONU,
2025-07-24,MTV,AK PORTFÖY METAVERSE VE DİJİTAL YAŞAM TEKNOLOJİLERİ DEĞİŞKEN FON,
2025-07-24,MTX,TEB PORTFÖY METAVERSE VE DİJİTAL TEKNOLOJİLER DEĞİŞKEN FON,
2025-07-24,MUT,GARANTİ PORTFÖY MUTLAK GETİRİ HEDEFLİ HİSSE SENEDİ SERBEST FON (HİSSE SENEDİ YOĞUN FON),
2025-07-24,NAU,NEO PORTFÖY ALTIN FONU,
2025-07-24,NBH,NEO PORTFÖY ALGORİTMİK STRATEJİLER SERBEST FON,
2025-07-24,NBZ,NEO PORTFÖY BİRİNCİ SERBEST (DÖVİZ) FON,
2025-07-24,NCS,NUROL PORTFÖY ÜÇÜNCÜ SERBEST (DÖVİZ) FON,
2025-07-24,NFF,NEO PORTFÖY FON SEPETİ SERBEST FON,
2025-07-24,NHP,NEO PORTFÖY BİRİNCİ FON SEPETİ FONU,
2025-07-24,NHY,NEO PORTFÖY BİRİNCİ HİSSE SENEDİ (TL) FONU (HİSSE SENEDİ YOĞUN FON),
2025-07-24,NJF,NUROL PORTFÖY ALTIN KATILIM FONU,
2025-07-24,NJR,NUROL PORTFÖY BİRİNCİ BORÇLANMA ARAÇLARI FONU,
2025-07-24,NJY,NUROL PORTFÖY BİRİNCİ KATILIM FONU,
2025-07-24,NKA,NEO PORTFÖY KATILIM SERBEST (DÖVİZ) FON,
2025-07-24,NKP,NEO PORTFÖY KAR PAYI ÖDEYEN DEĞİŞKEN FON,
2025-07-24,NLE,NUROL PORTFÖY EMLAK SEKTÖRÜ HİSSE SENEDİ FONU (HİSSE SENEDİ YOĞUN FON),
2025-07-24,NLK,NUROL PORTFÖY KISA VADELİ SERBEST FON,
2025-07-24,NME,NUROL PORTFÖY MERCAN KATILIM SERBEST (DÖVİZ) FON,
2025-07-24,NNF,HEDEF PORTFÖY BİRİNCİ HİSSE SENEDİ (TL) FONU (HİSSE SENEDİ YOĞUN FON),
2025-07-24,NPH,NUROL PORTFÖY BİRİNCİ HİSSE SENEDİ FONU (HİSSE SENEDİ YOĞUN FON),
2025-07-24,NRC,NEO PORTFÖY BİRİNCİ DEĞİŞKEN FON,
2025-07-24,NRG,NEO PORTFÖY BİRİNCİ PARA PİYASASI FONU,
2025-07-24,NSA,NEO PORTFÖY PARA PİYASASI KATILIM SERBEST FON,
2025-07-24,NSD,NUROL PORTFÖY DÖRDÜNCÜ SERBEST (DÖVİZ) FON,
2025-07-24,NSH,NUROL PORTFÖY İSTATİSTİKSEL ARBİTRAJ HİSSE SENEDİ SERBEST FON (HİSSE SENEDİ YOĞUN FON),
2025-07-24,NSK,NEO PORTFÖY BİRİNCİ SERBEST FON,
2025-07-24,NSP,NUROL PORTFÖY PARA PİYASASI KATILIM FONU,
2025-07-24,NST,İŞ PORTFÖY İNŞAAT SEKTÖRÜ HİSSE SENEDİ FONU (HİSSE SENEDİ YOĞUN FON),
2025-07-24,NTI,NEO PORTFÖY TEKNOLOJİ VE İNOVASYON DEĞİŞKEN FON,
2025-07-24,NUB,NUROL PORTFÖY BEŞİNCİ SERBEST (DÖVİZ) FON,
2025-07-24,NVB,NEO PORTFÖY İKİNCİ PARA PİYASASI (TL) FON,
2025-07-24,NVC,NEO PORTFÖY VENTO SERBEST FON,
2025-07-24,NVK,INVEO PORTFÖY KATILIM SERBEST (DÖVİZ) FON,
2025-07-24,NVT,NEO PORTFÖY ÜÇÜNCÜ SERBEST (TL) FON,
2025-07-24,NVZ,NEO PORTFÖY ORSA SERBEST (DÖVİZ) FON,
2025-07-24,NZH,NEO PORTFÖY İKİNCİ DEĞİŞKEN FON,
2025-07-24,NZT,NEO PORTFÖY PARA PİYASASI SERBEST FON,
2025-07-24,NZU,NUROL PORTFÖY ZÜMRÜT KATILIM SERBEST (DÖVİZ) FON,
2025-07-24,OBI,OYAK PORTFÖY İKİNCİ BORÇLANMA ARAÇLARI (TL) FONU,
2025-07-24,OBP,OYAK PORTFÖY İKİNCİ DEĞİŞKEN FON,
2025-07-24,ODD,OYAK PORTFÖY DÖRDÜNCÜ SERBEST FON,
2025-07-24,ODP,OSMANLI PORTFÖY BİRİNCİ SERBEST FON,
2025-07-24,ODS,OYAK PORTFÖY İKİNCİ SERBEST(DÖVİZ) FON,
2025-07-24,ODV,AK PORTFÖY ÜÇÜNCÜ FON SEPETİ FONU,
2025-07-24,OFI,OYAK PORTFÖY İKİNCİ FON SEPETİ FONU,
2025-07-24,OFS,OYAK PORTFÖY BİRİNCİ FON SEPETİ FONU,
2025-07-24,OGD,OYAK PORTFÖY ALTIN KATILIM FONU,
2025-07-24,OHB,OYAK PORTFÖY BİRİNCİ HİSSE SENEDİ (TL) FONU (HİSSE SENEDİ YOĞUN FON),
2025-07-24,OHK,OYAK PORTFÖY KATILIM HİSSE SENEDİ (TL) FONU (HİSSE SENEDİ YOĞUN FON),
2025-07-24,OIL,OSMANLI PORTFÖY AGRESİF FON SEPETİ FONU,
2025-07-24,OIR,OSMANLI PORTFÖY DENGELİ FON SEPETİ FONU,
2025-07-24,OJB,QNB PORTFÖY BEŞİNCİ SERBEST (DÖVİZ) FON,
2025-07-24,OJK,QNB PORTFÖY ALTIN FONU,
2025-07-24,OJT,QNB PORTFÖY TEKNOLOJİ FON SEPETİ FONU,
2025-07-24,OKD,OYAK PORTFÖY BİRİNCİ DEĞİŞKEN FON,
2025-07-24,OKP,OYAK PORTFÖY BİRİNCİ KISA VADELİ BORÇLANMA ARAÇLARI (TL) FONU,
2025-07-24,OKT,OYAK PORTFÖY BİRİNCİ BORÇLANMA ARAÇLARI FONU,
2025-07-24,OLA,OSMANLI PORTFÖY İKİNCİ SERBEST (DÖVİZ- AVRO) FON,
2025-07-24,OLD,QNB PORTFÖY TEMİZ ENERJİ VE SU FON SEPETİ FONU,
2025-07-24,OLE,OSMANLI PORTFÖY BİRİNCİ FON SEPETİ FONU,
2025-07-24,OMG,AZİMUT PORTFÖY İKİNCİ HİSSE SENEDİ FONU (HİSSE SENEDİ YOĞUN FON),
2025-07-24,ONE,AKTİF PORTFÖY BİRİNCİ HİSSE SENEDİ SERBEST (TL) FON (HİSSE SENEDİ YOĞUN FON),
2025-07-24,ONK,AK PORTFÖY ONİKİNCİ SERBEST (DÖVİZ-AVRO) FON,
2025-07-24,ONN,AKTİF PORTFÖY AKTİF ONİKS SERBEST (TL) FON,
2025-07-24,ONS,İŞ PORTFÖY ONİKİNCİ SERBEST (DÖVİZ) FON,
2025-07-24,OPB,OSMANLI PORTFÖY BİRİNCİ DEĞİŞKEN FON,
2025-07-24,OPD,OSMANLI PORTFÖY ANKA SERBEST FON,
2025-07-24,OPF,OSMANLI PORTFÖY AGRESİF DEĞİŞKEN FON,
2025-07-24,OPH,OSMANLI PORTFÖY BİRİNCİ HİSSE SENEDİ FONU(HİSSE SENEDİ YOĞUN FON),
2025-07-24,OPI,OSMANLI PORTFÖY İKİNCİ HİSSE SENEDİ FONU(HİSSE SENEDİ YOĞUN FON),
2025-07-24,OPL,OSMANLI PORTFÖY İKİNCİ DEĞİŞKEN FON,
2025-07-24,ORC,QINVEST PORTFÖY ALFA SERBEST FON,
2025-07-24,OSD,OSMANLI PORTFÖY ÖZEL SEKTÖR BORÇLANMA ARAÇLARI FONU,
2025-07-24,OSL,OSMANLI PORTFÖY KISA VADELİ BORÇLANMA ARAÇLARI (TL) FONU,
2025-07-24,OTJ,OYAK PORTFÖY KIYMETLİ MADENLER FON SEPETİ FONU,
2025-07-24,OTK,OYAK PORTFÖY BİRİNCİ KATILIM SERBEST FON,
2025-07-24,OTM,AZİMUT PORTFÖY OTOMOTİV SEKTÖRÜ DEĞİŞKEN FON,
2025-07-24,OUD,OSMANLI PORTFÖY ATLANTİK SERBEST (DÖVİZ) FON,
2025-07-24,OVD,QNB PORTFÖY EMTİA FON SEPETİ FONU,
2025-07-24,PAF,PARDUS PORTFÖY ALTIN FONU,
2025-07-24,PAL,AK PORTFÖY ALTINCI SERBEST(DÖVİZ) FON,
2025-07-24,PAO,PARDUS PORTFÖY ANADOLU HİSSE SENEDİ SERBEST FON (HİSSE SENEDİ YOĞUN FON),
2025-07-24,PBI,PARDUS PORTFÖY BİRİNCİ FON SEPETİ FONU,
2025-07-24,PBK,QİNVEST PORTFÖY BİRİNCİ KATILIM SERBEST(DÖVİZ) FON,
2025-07-24,PBN,PİRAMİT PORTFÖY BİRİNCİ HİSSE SENEDİ SERBEST FON (HİSSE SENEDİ YOĞUN FON),
2025-07-24,PBR,PUSULA PORTFÖY BİRİNCİ DEĞİŞKEN FON,
2025-07-24,PDD,QİNVEST PORTFÖY KATILIM FONU,
2025-07-24,PDF,QİNVEST PORTFÖY BİRİNCİ SERBEST (DÖVİZ) FON,
2025-07-24,PEA,PERFORM PORTFÖY ALTIN FONU,
2025-07-24,PFO,PHİLLİP PORTFÖY FON SEPETİ FONU,
2025-07-24,PFS,ATLAS PORTFÖY FON SEPETİ FONU,
2025-07-24,PGD,QİNVEST PORTFÖY AGRESİF DEĞİŞKEN FON,
2025-07-24,PGS,AZİMUT PORTFÖY PAY GERİ ALIMI YAPAN ŞİRKETLER HİSSE SENEDİ FONU (HİSSE SENEDİ YOĞUN FON),
2025-07-24,PHE,PUSULA PORTFÖY HİSSE SENEDİ FONU (HİSSE SENEDİ YOĞUN FON),
2025-07-24,PHI,PİRAMİT PORTFÖY HİSSE SENEDİ FONU (HİSSE SENEDİ YOĞUN FON),
2025-07-24,PHK,PHİLLİP PORTFÖY KATILIM HİSSE SENEDİ FONU (HİSSE SENEDİ YOĞUN FON),
2025-07-24,PID,PİRAMİT PORTFÖY DEĞİŞKEN FON,
2025-07-24,PIL,ROTA PORTFÖY PİL TEKNOLOJİLERİ VE ENERJİ FON SEPETİ FONU,
2025-07-24,PIP,GARANTİ PORTFÖY İKİNCİ PARA PİYASASI SERBEST (TL) FON,
2025-07-24,PIR,PİRAMİT PORTFÖY ALTIN FONU,
2025-07-24,PJL,PHİLLİP PORTFÖY PARA PİYASASI FONU,
2025-07-24,PKD,PUSULA PORTFÖY İKİNCİ DENGE KATILIM SERBEST FON,
2025-07-24,PKF,ATA PORTFÖY ALTIN KATILIM FONU,
2025-07-24,PKR,ROTA PORTFÖY PARA PİYASASI KATILIM FONU,
2025-07-24,PKT,YAPI KREDİ PORTFÖY PARA PİYASASI KATILIM SERBEST (TL) FON,
2025-07-24,PKV,PARDUS PORTFÖY KISA VADELİ SERBEST (TL) FON,
2025-07-24,PLR,OSMANLI PORTFÖY PARA PİYASASI FONU,
2025-07-24,PMP,PARDUS PORTFÖY MODEL PORTFÖY HİSSE SENEDİ SERBEST FON (HİSSE SENEDİ YOĞUN FON),
2025-07-24,POS,PARDUS PORTFÖY ONBEŞİNCİ HİSSE SENEDİ SERBEST (TL) FON (HİSSE SENEDİ YOĞUN FON),
2025-07-24,PP1,PARDUS PORTFÖY BİRİNCİ KATILIM FONU,
2025-07-24,PPB,PHİLLİP PORTFÖY BİRİNCİ HİSSE SENEDİ FONU (HİSSE SENEDİ YOĞUN FON),
2025-07-24,PPE,PHİLLİP PORTFÖY SERBEST (DÖVİZ) FON,
2025-07-24,PPH,PARDUS PORTFÖY BIST 100 DIŞI ŞİRKETLER HİSSE SENEDİ (TL) FONU (HİSSE SENEDİ YOĞUN FON),
2025-07-24,PPI,YAPI KREDİ PORTFÖY ÜÇÜNCÜ PARA PİYASASI (TL) FONU,
2025-07-24,PPJ,AK PORTFÖY İKİNCİ PARA PİYASASI SERBEST (TL) FON,
2025-07-24,PPK,QNB PORTFÖY PARA PİYASASI KATILIM (TL) FONU,
2025-07-24,PPM,PİRAMİT PORTFÖY MUTLAK GETİRİ HEDEFLİ HİSSE SENEDİ SERBEST FON (HİSSE SENEDİ YOĞUN FON),
2025-07-24,PPN,NUROL PORTFÖY PARA PİYASASI (TL) FONU,
2025-07-24,PPP,PERFORM PORTFÖY PARA PİYASASI (TL) FONU,
2025-07-24,PPS,PHİLLİP PORTFÖY BİRİNCİ SERBEST FON,
2025-07-24,PPT,ATLAS PORTFÖY PARA PİYASASI (TL) FONU,
2025-07-24,PPZ,AZİMUT PORTFÖY PARA PİYASASI (TL) FONU,
2025-07-24,PRD,PİRAMİT PORTFÖY PARA PİYASASI (TL) FONU,
2025-07-24,PRH,AURA PORTFÖY PARA PİYASASI (TL) FONU,
2025-07-24,PRU,ALLBATROSS PORTFÖY KISA VADELİ SERBEST (TL) FON,
2025-07-24,PRY,PUSULA PORTFÖY PARA PİYASASI (TL) FONU,
2025-07-24,PSE,ATLAS PORTFÖY PARA PİYASASI SERBEST FON,
2025-07-24,PSL,AZİMUT PORTFÖY 8.0 SERBEST FON,
2025-07-24,PTE,TEB PORTFÖY BİRİNCİ PARA PİYASASI SERBEST (TL) FON,
2025-07-24,PTN,PHİLLİP PORTFÖY ALTIN FONU,
2025-07-24,PTO,PARDUS PORTFÖY TEMETTÜ ÖDEYEN ŞİRKETLER HİSSE SENEDİ FONU (HİSSE SENEDİ YOĞUN FON),
2025-07-24,PTS,QNB PORTFÖY PARA PİYASASI SERBEST (TL) FON,
2025-07-24,PUC,AK PORTFÖY BİRİNCİ KISA VADELİ SERBEST (TL)  FON,
2025-07-24,PVK,ALBARAKA PORTFÖY KISA VADELİ KATILIM SERBEST (TL) FON,
2025-07-24,PYR,PARDUS PORTFÖY YİRMİNCİ HİSSE SENEDİ SERBEST FON (HİSSE SENEDİ YOĞUN FON),
2025-07-24,RBA,ALBARAKA PORTFÖY BEREKET VAKFI NA DESTEK ALTIN KATILIM FONU,
2025-07-24,RBB,RE-PIE PORTFÖY BİRİNCİ BORÇLANMA ARAÇLARI (TL) FONU,
2025-07-24,RBF,ROTA PORTFÖY BİRİNCİ BORÇLANMA ARAÇLARI FONU,
2025-07-24,RBH,ALBARAKA PORTFÖY KATILIM HİSSE SENEDİ FONU (HİSSE SENEDİ YOĞUN FON),
2025-07-24,RBI,RE-PIE PORTFÖY BİRİNCİ SERBEST (DÖVİZ) FON,
2025-07-24,RBK,ALBARAKA PORTFÖY KATILIM FONU,
2025-07-24,RBL,QNB PORTFÖY ROBOTİK VE BLOCKCHAİN TEKNOLOJİLERİ SERBEST FON,
2025-07-24,RBN,RE-PIE PORTFÖY BEŞİNCİ HİSSE SENEDİ SERBEST (TL) FON (HİSSE SENEDİ YOĞUN FON),
2025-07-24,RBP,RE-PIE PORTFÖY BİRİNCİ PARA PİYASASI (TL) FONU,
2025-07-24,RBR,RE-PIE  PORTFÖY BİRİNCİ KATILIM SERBEST FON,
2025-07-24,RBT,ALBARAKA PORTFÖY KİRA SERTİFİKALARI  KATILIM FONU,
2025-07-24,RBV,ALBARAKA PORTFÖY KISA VADELİ KİRA SERTİFİKALARI KATILIM (TL) FONU,
2025-07-24,RCV,AZİMUT PORTFÖY BİRİNCİ ÇOKLU VARLIK KATILIM FONU,
2025-07-24,RD1,ROTA PORTFÖY BİRİNCİ DEĞİŞKEN FON,
2025-07-24,RDF,ROTA PORTFÖY DOKUZUNCU HİSSE SENEDİ SERBEST FON (HİSSE SENEDİ YOĞUN FON),
2025-07-24,RDT,PHİLLİP PORTFÖY RODOSTO SERBEST FON,
2025-07-24,RHI,RE-PIE PORTFÖY BİRİNCİ HİSSE SENEDİ (TL) FONU (HİSSE SENEDİ YOĞUN FON),
2025-07-24,RHS,ROTA PORTFÖY HİSSE SENEDİ (TL) FON (HİSSE SENEDİ YOĞUN FON),
2025-07-24,RIA,ROTA PORTFÖY İSTATİSTİKSEL ARBİTRAJ HİSSE SENEDİ SERBEST FON (HİSSE SENEDİ YOĞUN FON),
2025-07-24,RIK,RE-PIE PORTFÖY İKİNCİ DEĞİŞKEN FON,
2025-07-24,RJG,RE-PIE PORTFÖY ALTIN KATILIM FONU,
2025-07-24,RKC,ROTA PORTFÖY İKİNCİ DEĞİŞKEN FON,
2025-07-24,RKH,RE-PIE PORTFÖY KATILIM HİSSE SENEDİ SERBEST (TL) FON (HİSSE SENEDİ YOĞUN FON),
2025-07-24,RKS,ROTA PORTFÖY KİRA SERTİFİKALARI KATILIM FONU,
2025-07-24,RKV,RE-PIE PORTFÖY KISA VADELİ KATILIM SERBEST (TL) FON,
2025-07-24,RPC,ROTA PORTFÖY İKLİM DEĞİŞİKLİĞİ ÇÖZÜMLERİ DEĞİŞKEN FON,
2025-07-24,RPD,RE-PIE PORTFÖY BİRİNCİ DEĞİŞKEN FON,
2025-07-24,RPG,ROTA PORTFÖY ALTIN FONU,
2025-07-24,RPI,ROTA PORTFÖY İKİNCİ HİSSE SENEDİ FONU (HİSSE SENEDİ YOĞUN FON),
2025-07-24,RPM,ROTA PORTFÖY İLAÇ VE MEDİKAL TEKNOLOJİLERİ DEĞİŞKEN FON,
2025-07-24,RPP,ROTA PORTFÖY PARA PİYASASI (TL) FONU,
2025-07-24,RPS,ROTA PORTFÖY BİRİNCİ SERBEST (DÖVİZ) FON,
2025-07-24,RPT,ROTA PORTFÖY İKİNCİ SERBEST (TL) FON,
2025-07-24,RPX,ROTA PORTFÖY ÜÇÜNCÜ SERBEST (DÖVİZ) FON,
2025-07-24,RRP,RE-PIE PORTFÖY PARA PİYASASI KATILIM (TL) FON,
2025-07-24,RS1,ROTA PORTFÖY BİRİNCİ KISA VADELİ SERBEST FON,
2025-07-24,RTD,RE-PIE PORTFÖY TEKNOLOJİ DEĞİŞKEN FON,
2025-07-24,RTG,ATA PORTFÖY ROBOTİK TEKNOLOJİLERİ DEĞİŞKEN FON,
2025-07-24,RTH,RE-PIE PORTFÖY BİRİNCİ HİSSE SENEDİ SERBEST FON (HİSSE SENEDİ YOĞUN FON),
2025-07-24,RTP,RE-PIE PORTFÖY BİRİNCİ SERBEST FON,
2025-07-24,RUT,BV PORTFÖY ROBOTİK VE UZAY TEKNOLOJİLERİ DEĞİŞKEN FON,
2025-07-24,SAS,AK PORTFÖY SABANCI TOPLULUĞU ŞİRKETLERİ ENDEKSİ HİSSE SENEDİ (TL) FONU (HİSSE SENEDİ YOĞUN FON),
2025-07-24,SBH,SPARTA PORTFÖY BİRİNCİ HİSSE SENEDİ SERBEST (TL) FON (HİSSE SENEDİ YOĞUN FON),
2025-07-24,SGT,GARANTİ PORTFÖY SİBER GÜVENLİK TEKNOLOJİLERİ DEĞİŞKEN FON,
2025-07-24,SHE,TEB PORTFÖY ÖNCE KADIN DEĞİŞKEN FON,
2025-07-24,SKO,STRATEJİ PORTFÖY KAR PAYI ÖDEYEN HİSSE SENEDİ FONU (HİSSE SENEDİ YOĞUN FON),
2025-07-24,SNY,ATLAS PORTFÖY SANAYİ SEKTÖRÜ HİSSE SENEDİ SERBEST FON (HİSSE SENEDİ YOĞUN FON),
2025-07-24,SOS,HEDEF PORTFÖY SAĞLIK SEKTÖRÜ DEĞİŞKEN FON,
2025-07-24,SPE,AZIMUT PORTFÖY 5.0 SERBEST (DÖVIZ) FON,
2025-07-24,SPN,AZİMUT PORTFÖY İSTATİSTİKSEL ARBİTRAJ HİSSE SENEDİ SERBEST FON (HİSSE SENEDİ YOĞUN FON),
2025-07-24,SPP,SPARTA PORTFÖY BİRİNCİ PARA PİYASASI (TL) FONU,
2025-07-24,SPR,BV PORTFÖY SPOR ENDÜSTRİSİ DEĞİŞKEN FON,
2025-07-24,SPT,AKTİF PORTFÖY KATILIM FON SEPETİ FONU,
2025-07-24,SRL,PARDUS PORTFÖY SÜRDÜRÜLEBİLİRLİK HİSSE SENEDİ (TL) FONU (HİSSE SENEDİ YOĞUN FON),
2025-07-24,SSK,DENİZ PORTFÖY SAĞLIK SEKTÖRÜ DEĞİŞKEN FON,
2025-07-24,SSS,YAPI KREDİ PORTFÖY SAVUNMA SANAYİİ ŞİRKETLERİ ENDEKSİ HİSSE SENEDİ FONU (HİSSE SENEDİ YOĞUN FON),
2025-07-24,ST1,STRATEJİ PORTFÖY BİRİNCİ HİSSE SENEDİ FONU(HİSSE SENEDİ YOĞUN FON),
2025-07-24,STI,ATLAS PORTFÖY SENTİMENT SERBEST FON,
2025-07-24,SUA,ÜNLÜ PORTFÖY BİRİNCİ DEĞİŞKEN FON,
2025-07-24,SUB,ÜNLÜ PORTFÖY İKİNCİ DEĞİŞKEN FON,
2025-07-24,SUC,ÜNLÜ PORTFÖY ÜÇÜNCÜ DEĞIŞKEN FON,
2025-07-24,SVB,STRATEJİ PORTFÖY AGRESİF DEĞİŞKEN FON,
2025-07-24,TAL,ATLAS PORTFÖY ALTIN KATILIM FONU,
2025-07-24,TAR,AK PORTFÖY TARIM VE GIDA TEKNOLOJİLERİ DEĞİŞKEN FON,
2025-07-24,TAU,İŞ PORTFÖY BIST BANKA ENDEKSİ HİSSE SENEDİ (TL) FONU (HİSSE SENEDİ YOĞUN FON),
2025-07-24,TBT,TEB PORTFÖY BORÇLANMA ARAÇLARI FONU,
2025-07-24,TBV,İŞ PORTFÖY ÖZEL SEKTÖR BORÇLANMA ARAÇLARI (TL) FONU,
2025-07-24,TCA,ZİRAAT PORTFÖY ALTIN KATILIM FONU,
2025-07-24,TCB,TACİRLER PORTFÖY PARA PİYASASI FONU,
2025-07-24,TCC,TACİRLER PORTFÖY SERBEST ( DÖVİZ ) FON,
2025-07-24,TCD,TACİRLER PORTFÖY DEĞIŞKEN FON,
2025-07-24,TCF,TEB PORTFÖY ÜÇÜNCÜ FON SEPETİ FONU,
2025-07-24,TDG,İŞ PORTFÖY YABANCI BORÇLANMA ARAÇLARI FONU,
2025-07-24,TE3,TEB PORTFÖY MUTLAK GETİRİ HEDEFLİ DEĞİŞKEN FON,
2025-07-24,TE4,TEB PORTFÖY BİRİNCİ DEĞİŞKEN FON,
2025-07-24,TEJ,AZİMUT PORTFÖY TEKNOLOJİ FON SEPETİ FONU,
2025-07-24,TFF,TEB PORTFÖY AMERİKA TEKNOLOJİ YABANCI BYF FON SEPETİ FONU,
2025-07-24,TGA,GARANTİ PORTFÖY AGRESİF DEĞİŞKEN FON,
2025-07-24,TGE,İŞ PORTFÖY EMTİA YABANCI BYF FON SEPETİ FONU,
2025-07-24,TGR,AK PORTFÖY TURİZM VE SEYAHAT SEKTÖRÜ DEĞİŞKEN FON,
2025-07-24,THD,TRIVE PORTFÖY BİRİNCİ HİSSE SENEDİ (TL) FON,
2025-07-24,THF,TERA PORTFÖY HİSSE SENEDİ (TL) FONU (HİSSE SENEDİ YOĞUN FON),
2025-07-24,THT,TRİVE PORTFÖY HİSSE SENEDİ SERBEST FON (HİSSE SENEDİ YOĞUN FON),
2025-07-24,THV,ATA PORTFÖY BARBAROS HİSSE SENEDİ SERBEST (TL) FON (HİSSE SENEDİ YOĞUN FON),
2025-07-24,TI2,İŞ PORTFÖY HİSSE SENEDİ (TL) FONU (HİSSE SENEDİ YOĞUN FON),
2025-07-24,TI3,İŞ PORTFÖY İŞ BANKASI İŞTİRAKLERİ ENDEKSİ HİSSE SENEDİ (TL) FONU (HİSSE SENEDİ YOĞUN FON),
2025-07-24,TI4,İŞ PORTFÖY TEMKİNLİ DEĞİŞKEN FON,
2025-07-24,TI6,İŞ PORTFÖY BORÇLANMA ARAÇLARI (TL) FONU,
2025-07-24,TI7,İŞ PORTFÖY DENGELİ DEĞİŞKEN FON,
2025-07-24,TIE,İŞ PORTFÖY BIST 30 ENDEKSİ HİSSE SENEDİ (TL) FONU (HİSSE SENEDİ YOĞUN FON),
2025-07-24,TJF,TEB PORTFÖY SÜRDÜRÜLEBİLİRLİK FON SEPETİ FONU,
2025-07-24,TJI,TEB PORTFÖY İKİNCİ FON SEPETİ FONU,
2025-07-24,TJT,TEB PORTFÖY ALTINCI SERBEST (DÖVİZ-AVRO) FON,
2025-07-24,TKF,TACİRLER PORTFÖY HİSSE SENEDİ FONU (HİSSE SENEDİ YOĞUN FON),
2025-07-24,TLE,AURA PORTFÖY YABANCI BORÇLANMA ARAÇLARI FONU,
2025-07-24,TLH,AURA PORTFÖY HİSSE SENEDİ FONU (HİSSE SENEDİ YOĞUN FON),
2025-07-24,TLK,AKTİF PORTFÖY PARA PİYASASI KATILIM (TL) FONU,
2025-07-24,TLY,TERA PORTFÖY BİRİNCİ SERBEST FON,
2025-07-24,TLZ,ATA PORTFÖY ANALİZ HİSSE SENEDİ (TL) FONU (HİSSE SENEDİ YOĞUN FON),
2025-07-24,TMC,İŞ PORTFÖY TEMA DEĞİŞKEN FON,
2025-07-24,TMG,İŞ PORTFÖY YABANCI HİSSE SENEDİ FONU,
2025-07-24,TMM,TERA PORTFÖY İKİNCİ SERBEST (DÖVİZ) FON,
2025-07-24,TMZ,İŞ PORTFÖY SÜRDÜRÜLEBİLİRLİK VE TARIM FON SEPETİ FONU,
2025-07-24,TND,İŞ PORTFÖY TTF TENİSE DESTEK DEĞİŞKEN FON,
2025-07-24,TOT,TEB PORTFÖY ÖZEL SEKTÖR BORÇLANMA ARAÇLARI FONU,
2025-07-24,TP2,TERA PORTFÖY PARA PİYASASI (TL) FONU,
2025-07-24,TPC,TEB PORTFÖY BİRİNCİ FON SEPETİ FONU,
2025-07-24,TPF,TACİRLER PORTFÖY BORÇLANMA ARAÇLARI FONU,
2025-07-24,TPJ,TEB PORTFÖY BİRİNCİ SERBEST (DÖVİZ) FON,
2025-07-24,TPL,TEB PORTFÖY EUROBOND (DÖVİZ) BORÇLANMA ARAÇLARI FONU,
2025-07-24,TPP,TEB PORTFÖY PUSULA SERBEST FON,
2025-07-24,TPV,AURA PORTFÖY İKİNCİ DEĞİŞKEN FON,
2025-07-24,TPZ,TEB PORTFÖY KİRA SERTİFİKALARI (DÖVİZ) KATILIM FONU,
2025-07-24,TRJ,TERA PORTFÖY BİRİNCİ BORÇLANMA ARAÇLARI (TL) FONU,
2025-07-24,TRO,TRIVE PORTFÖY ALTIN FONU,
2025-07-24,TRU,TERA PORTFÖY KATILIM SERBEST (DÖVİZ) FON,
2025-07-24,TTA,İŞ PORTFÖY ALTIN FONU,
2025-07-24,TTE,İŞ PORTFÖY BIST TEKNOLOJİ AĞIRLIK SINIRLAMALI ENDEKSİ HİSSE SENEDİ (TL) FONU (HİSSE SENEDİ YOĞUN FON),
2025-07-24,TTL,TACİRLER PORTFÖY KARTOPU SERBEST FON,
2025-07-24,TUA,TEB PORTFÖY ALTIN FONU,
2025-07-24,TVN,TRIVE PORTFÖY BİRİNCİ FON SEPETİ FONU,
2025-07-24,TYH,TEB PORTFÖY HİSSE SENEDİ FONU (HİSSE SENEDİ YOĞUN FON),
2025-07-24,TZD,ZİRAAT PORTFÖY HİSSE SENEDİ FONU (HİSSE SENEDİ YOĞUN FON),
2025-07-24,TZT,ZİRAAT PORTFÖY BORÇLANMA ARAÇLARI (TL) FONU,
2025-07-24,UNT,İŞ PORTFÖY ÜÇÜNCÜ SERBEST (TL) FON,
2025-07-24,UP1,ÜNLÜ PORTFÖY ALTIN FONU,
2025-07-24,UP2,ÜNLÜ PORTFÖY ONİKİNCİ SERBEST FON,
2025-07-24,UPD,ÜNLÜ PORTFÖY DÖRDÜNCÜ SERBEST (DÖVIZ) FON,
2025-07-24,UPH,ÜNLÜ PORTFÖY HİSSE SENEDİ (TL) FONU(HİSSE SENEDİ YOĞUN FON),
2025-07-24,UPP,ÜNLÜ PORTFÖY PARA PİYASASI (TL) FONU,
2025-07-24,URA,ATA PORTFÖY ENERJİ DEĞİŞKEN FON,
2025-07-24,USY,ÜNLÜ PORTFÖY DEĞER YATIRIMLARI SERBEST FON,
2025-07-24,VAY,AK PORTFÖY DEĞER ODAKLI 100 ŞİRKETLERİ HİSSE SENEDİ (TL) FONU (HİSSE SENEDİ YOĞUN FON),
2025-07-24,VCY,AK PORTFÖY ELEKTRİKLİ VE OTONOM ARAÇ TEKNOLOJİLERİ DEĞİŞKEN FON,
2025-07-24,VFK,ZİRAAT PORTFÖY İKİNCİ KISA VADELİ KİRA SERTİFİKALARI KATILIM (TL) FONU,
2025-07-24,VMV,VEGA PORTFÖY MAVİ SERBEST FON,
2025-07-24,VNK,VEGA PORTFÖY ANKA SERBEST FON,
2025-07-24,YAC,YAPI KREDİ PORTFÖY İKİNCİ FON SEPETİ FONU,
2025-07-24,YAK,YAPI KREDİ PORTFÖY KARMA FON,
2025-07-24,YAN,YAPI KREDİ PORTFÖY BİRİNCİ FON SEPETİ FONU,
2025-07-24,YAS,YAPI KREDİ PORTFÖY KOÇ HOLDİNG İŞTİRAK VE HİSSE SENEDİ FONU(HİSSE SENEDİ YOĞUN FON),
2025-07-24,YAY,YAPI KREDİ PORTFÖY YABANCI TEKNOLOJİ SEKTÖRÜ HİSSE SENEDİ FONU,
2025-07-24,YBE,YAPI KREDİ PORTFÖY EUROBOND (DOLAR) BORÇLANMA ARAÇLARI FONU,
2025-07-24,YBH,YAPI KREDİ PORTFÖY 5-15 YIL VADELİ SERBEST (DÖVİZ) FON,
2025-07-24,YBR,İŞ PORTFÖY YİRMİBİRİNCİ SERBEST (DÖVİZ) FON,
2025-07-24,YBS,YAPI KREDİ PORTFÖY ÖZEL SEKTÖR BORÇLANMA ARAÇLARI FONU,
2025-07-24,YCK,YAPI KREDİ PORTFÖY CİHANGİR SERBEST FON,
2025-07-24,YCP,YAPI KREDİ PORTFÖY BANKACILIK SEKTÖRÜ HİSSE SENEDİ SERBEST FON (HİSSE SENEDİ YOĞUN FON),
2025-07-24,YCY,İSTANBUL PORTFÖY KATILIM FON SEPETİ FONU,
2025-07-24,YDI,YAPI KREDİ PORTFÖY MODEL PORTFÖY HİSSE SENEDİ FONU (HİSSE SENEDİ YOĞUN FON),
2025-07-24,YDP,YAPI KREDİ PORTFÖY BİRİNCİ DEĞİŞKEN FON,
2025-07-24,YEF,YAPI KREDİ PORTFÖY BIST 30 ENDEKSİ HİSSE SENEDİ FONU (HİSSE SENEDİ YOĞUN FON),
2025-07-24,YFV,YAPI KREDİ PORTFÖY KİRA SERTİFİKALARI KATILIM FONU,
2025-07-24,YGM,YAPI KREDİ PORTFÖY EMTİA SERBEST FON,
2025-07-24,YHB,YAPI KREDİ PORTFÖY BIST 100 DIŞI ŞİRKETLER HİSSE SENEDİ FONU (HİSSE SENEDİ YOĞUN FON),
2025-07-24,YHI,YAPI KREDİ PORTFÖY İNŞAAT SEKTÖRÜ HİSSE SENEDİ SERBEST (TL) FON (HİSSE SENEDİ YOĞUN FON),
2025-07-24,YHK,YAPI KREDİ PORTFÖY KATILIM HİSSE SENEDİ FONU (HİSSE SENEDİ YOĞUN FON),
2025-07-24,YHS,YAPI KREDİ PORTFÖY BİRİNCİ HİSSE SENEDİ FONU (HİSSE SENEDİ YOĞUN FON),
2025-07-24,YHZ,YAPI KREDİ PORTFÖY BIST TEKNOLOJİ AĞIRLIK SINIRLAMALI ENDEKSİ HİSSE SENEDİ FONU ( HİSSE SENEDİ YOĞUN FON),
2025-07-24,YIK,YAPI KREDİ PORTFÖY İKİNCİ PARA PİYASASI SERBEST (TL) FON,
2025-07-24,YIT,GARANTİ PORTFÖY YARI İLETKEN TEKNOLOJİLERİ DEĞİŞKEN FON,
2025-07-24,YJH,YAPI KREDİ PORTFÖY TEMİZ ENERJİ DEĞİŞKEN FONU,
2025-07-24,YJK,YAPI KREDİ PORTFÖY ROBOTİK VE YARI İLETKEN TEKNOLOJİLERİ FON SEPETİ FONU,
2025-07-24,YJY,YAPI KREDİ PORTFÖY YENİKÖY SERBEST (DÖVİZ) FON,
2025-07-24,YKS,YAPI KREDİ PORTFÖY İSTANBUL SERBEST FON,
2025-07-24,YKT,YAPI KREDİ PORTFÖY ALTIN FONU,
2025-07-24,YLC,ATA PORTFÖY TARIM VE GIDA DEĞİŞKEN FON,
2025-07-24,YLE,YAPI KREDİ PORTFÖY BIST SÜRDÜRÜLEBİLİRLİK ENDEKSİ HİSSE SENEDİ FONU (HİSSE SENEDİ YOĞUN FON),
2025-07-24,YLO,YAPI KREDİ PORTFÖY ELEKTRİKLİ ARAÇLAR DEĞİŞKEN FON,
2025-07-24,YLY,YAPI KREDİ PORTFÖY KİLYOS KAR PAYI ÖDEYEN HİSSE SENEDİ SERBEST (TL) FON (HİSSE SENEDİ YOĞUN FON),
2025-07-24,YMD,YAPI KREDİ PORTFÖY MASLAK SERBEST (DÖVİZ- ABD DOLARI) FON,
2025-07-24,YMH,YAPI KREDİ PORTFÖY MUTLAK GETİRİ HEDEFLİ HİSSE SENEDİ SERBEST FON (HİSSE SENEDİ YOĞUN FON),
2025-07-24,YNK,YAPI KREDİ PORTFÖY NİŞANTAŞI KAR PAYI ÖDEYEN SERBEST (DÖVİZ) FON,
2025-07-24,YOT,YAPI KREDİ PORTFÖY BORÇLANMA ARAÇLARI FONU,
2025-07-24,YP4,YAPI KREDİ PORTFÖY FERİKÖY SERBEST (DÖVİZ) FON,
2025-07-24,YPC,YAPI KREDİ PORTFÖY İKLİM DEĞİŞİKLİĞİ ÇÖZÜMLERİ DEĞİŞKEN FON,
2025-07-24,YPK,YAPI KREDİ PORTFÖY GALATA SERBEST FON,
2025-07-24,YPL,YAPI KREDİ PORTFÖY BALAT SERBEST (DÖVİZ) FON,
2025-07-24,YPR,AZİMUT PORTFÖY YILDIZ PAZAR ŞİRKETLERİ HİSSE SENEDİ FONU (HİSSE SENEDİ YOĞUN FON),
2025-07-24,YPV,YAPI KREDİ PORTFÖY ÜÇÜNCÜ FON SEPETİ FONU,
2025-07-24,YSL,YAPI KREDİ PORTFÖY KAR PAYI ÖDEYEN KİRA SERTİFİKALARI KATILIM SERBEST (DÖVİZ) FON,
2025-07-24,YSO,YAPI KREDİ PORTFÖY SAĞLIK SEKTÖRÜ SERBEST FON,
2025-07-24,YSU,YAPI KREDİ PORTFÖY ÜÇÜNCÜ DEĞİŞKEN FON,
2025-07-24,YTD,YAPI KREDİ PORTFÖY YABANCI FON SEPETİ FONU,
2025-07-24,YTV,YAPI KREDİ PORTFÖY TARIM DEĞİŞKEN FON,
2025-07-24,YTY,YAPI KREDİ PORTFÖY TARABYA SERBEST (DÖVİZ-AVRO) FON,
2025-07-24,YUB,YAPI KREDİ PORTFÖY KARAKÖY HİSSE SENEDİ SERBEST FON (HİSSE SENEDİ YOĞUN FON),
2025-07-24,YUN,YAPI KREDİ PORTFÖY İSTİNYE SERBEST (DÖVİZ) FON,
2025-07-24,YVB,YAPI KREDİ PORTFÖY UZUN VADELİ BORÇLANMA ARAÇLARI FONU,
2025-07-24,YVG,YAPI KREDİ PORTFÖY SARIYER SERBEST (DÖVİZ-AVRO) FON,
2025-07-24,YZC,YAPI KREDİ PORTFÖY FİNTECH VE BLOCKCHAİN TEKNOLOJİLERİ DEĞİŞKEN FON,
2025-07-24,YZG,YAPI KREDİ PORTFÖY GÜMÜŞ FON SEPETİ FONU,
2025-07-24,YZH,TEB PORTFÖY BIST BANKA ENDEKSİ HİSSE SENEDİ FONU (HİSSE SENEDİ YOĞUN),
2025-07-24,YZK,YAPI KREDİ PORTFÖY KALAMIŞ SERBEST FON,
2025-07-24,ZBD,ZİRAAT PORTFÖY DENGELİ DEĞİŞKEN FON,
2025-07-24,ZBI,ZİRAAT PORTFÖY ÇOKLU VARLIK BİRİNCİ KATILIM FONU,
2025-07-24,ZBJ,ZİRAAT PORTFÖY BAŞAK PARA PİYASASI (TL) FONU,
2025-07-24,ZBO,ZİRAAT PORTFÖY MUTLAK GETİRİ HEDEFLİ HİSSE SENEDİ SERBEST FON (HİSSE SENEDİ YOĞUN FON),
2025-07-24,ZCD,ZİRAAT PORTFÖY ALTINCI SERBEST (TL) FON,
2025-07-24,ZCK,ZİRAAT PORTFÖY ÇOKLU VARLIK İKİNCİ KATILIM FONU,
2025-07-24,ZCN,ZİRAAT PORTFÖY EMTİA FON SEPETİ FONU,
2025-07-24,ZDD,ZİRAAT PORTFÖY TEMKİNLİ DEĞİŞKEN FON,
2025-07-24,ZDZ,ZİRAAT PORTFÖY AGRESİF DEĞİŞKEN FON,
2025-07-24,ZFB,AK PORTFÖY FİNTEK VE BLOKZİNCİRİ TEKNOLOJİLERİ DEĞİŞKEN FON,
2025-07-24,ZHH,ZİRAAT PORTFÖY HALKBANK SÜRDÜRÜLEBİLİRLİK 30 ŞİRKETLERİ HİSSE SENEDİ FONU (HİSSE SENEDİ YOĞUN FON),
2025-07-24,ZJB,ZİRAAT PORTFÖY BİRİNCİ SERBEST (TL) FON,
2025-07-24,ZJI,ZİRAAT PORTFÖY İKİNCİ SERBEST (TL) FON,
2025-07-24,ZJL,ZİRAAT PORTFÖY BIST 100 DIŞI ŞİRKETLER HİSSE SENEDİ FONU (HİSSE SENEDİ YOĞUN FON),
2025-07-24,ZJV,ZİRAAT PORTFÖY BIST 30 DIŞI YILDIZ PAZAR ŞİRKETLERİ HİSSE SENEDİ FONU (HİSSE SENEDİ YOĞUN FON),
2025-07-24,ZLH,ZİRAAT PORTFÖY BIST 100-30 ŞİRKETLERİ HİSSE SENEDİ FONU ( HİSSE SENEDİ YOĞUN FON),
2025-07-24,ZMT,AZİMUT PORTFÖY 22.0 SERBEST (DÖVİZ-AVRO) FON,
2025-07-24,ZMY,ZİRAAT PORTFÖY METAVERSE VE YENİ TEKNOLOJİLER DEĞİŞKEN FON,
2025-07-24,ZP6,ZİRAAT PORTFÖY SEDEF KATILIM SERBEST (DÖVİZ - AMERİKAN DOLARI) FON,
2025-07-24,ZP8,ZİRAAT PORTFÖY KEHRİBAR PARA PİYASASI KATILIM SERBEST (TL) FON,
2025-07-24,ZP9,ZİRAAT PORTFÖY AKİK KATILIM SERBEST (DÖVİZ-AVRO) FON,
2025-07-24,ZPA,ZİRAAT PORTFÖY SERBEST (DÖVİZ) FON,
2025-07-24,ZPC,ZİRAAT PORTFÖY FON SEPETİ FONU,
2025-07-24,ZPE,ZİRAAT PORTFÖY KATILIM HİSSE SENEDİ FONU (HİSSE SENEDİ YOĞUN FON),
2025-07-24,ZPF,ZİRAAT PORTFÖY KATILIM FONU (DÖVİZ),
2025-07-24,ZPG,ZİRAAT PORTFÖY KİRA SERTİFİKALARI (SUKUK) KATILIM FONU,
2025-07-24,ZPR,ZİRAAT PORTFÖY PARA PİYASASI SERBEST FON,
2025-07-24,ZSF,ZİRAAT PORTFÖY S&P/OIC COMCEC (İSEDAK) 50 SHARİAH ŞİRKETLERİ YABANCI HİSSE SENEDİ FONU,
2025-07-24,ZSG,ZİRAAT PORTFÖY ESG SÜRDÜRÜLEBİLİRLİK FON SEPETİ FONU,
2025-07-24,ZVO,ZİRAAT PORTFÖY ÜÇÜNCÜ SERBEST (TL) FON,
